Rk,Player,From,To,No. of Season,Tm,Lg,G,GS,Cmp,Att,Cmp%,Yds,TD,Int,Pick6,TD%,Int%,Rate,Sk,Yds,Y/A,AY/A,ANY/A,Y/G,W,L,T,4QC,GWD
1,Peyton Manning,1998,2015,17,TOT,NFL,266,265,6125,9380,65.3,71940,539,251,27,5.7,2.68,96.5,303,1953,7.67,7.61,7.17,270.5,186,79,0,43,54
2,Tom Brady,2000,2019,19,NWE,NFL,273,271,6094,9520,64.01,71575,524,172,13,5.5,1.81,97.6,476,2960,7.52,7.81,7.14,262.2,211,60,0,35,44
3,Drew Brees,2001,2019,18,TOT,NFL,266,265,6621,9831,67.35,74845,522,235,27,5.3,2.39,97.7,396,2821,7.61,7.6,7.03,281.4,156,109,0,35,49
4,Brett Favre*,1991,2010,19,TOT,NFL,302,298,6300,10169,61.95,71838,508,336,32,5,3.3,86,525,3487,7.06,6.58,5.93,237.9,186,112,0,28,43
5,Philip Rivers,2004,2019,15,SDG,NFL,216,212,4619,7146,64.64,55910,381,180,23,5.3,2.52,95.8,422,2552,7.82,7.76,6.99,258.8,120,92,0,26,31
6,Ben Roethlisberger,2004,2019,15,PIT,NFL,218,216,4651,7230,64.33,56545,363,191,16,5,2.64,94,503,3320,7.82,7.64,6.71,259.4,144,71,1,31,42
7,Eli Manning,2004,2019,15,NYG,NFL,234,232,4860,8061,60.29,56537,362,241,22,4.5,2.99,84.1,408,2839,7.01,6.57,5.91,241.6,116,116,0,27,37
8,Aaron Rodgers,2005,2019,14,GNB,NFL,169,162,3651,5638,64.76,44013,344,81,2,6.1,1.44,102.9,420,2747,7.81,8.38,7.35,260.4,103,58,1,14,20
9,Matt Ryan,2008,2019,11,ATL,NFL,178,178,4176,6377,65.49,48045,303,139,16,4.8,2.18,94.8,331,2205,7.53,7.5,6.8,269.9,103,75,0,28,37
10,Carson Palmer,2004,2017,13,TOT,NFL,182,181,3941,6307,62.49,46247,294,187,22,4.7,2.96,87.9,340,2364,7.33,6.93,6.22,254.1,92,88,1,22,35
11,Vinny Testaverde,1989,2007,18,TOT,NFL,212,195,3494,6070,57.56,41912,257,226,21,4.2,3.72,77.4,366,2560,6.9,6.08,5.33,197.7,85,109,1,27,30
12,Drew Bledsoe,1993,2006,13,TOT,NFL,194,193,3839,6717,57.15,44611,251,206,15,3.7,3.07,77.1,467,3135,6.64,6.01,5.18,230,98,95,0,24,31
13,Tony Romo,2004,2016,12,DAL,NFL,156,127,2829,4335,65.26,34183,248,117,13,5.7,2.7,97.1,248,1672,7.89,7.81,7.03,219.1,78,49,0,24,29
14,Matthew Stafford,2009,2019,10,DET,NFL,145,145,3460,5546,62.39,39648,246,131,20,4.4,2.36,88.8,336,2159,7.15,6.97,6.21,273.4,68,76,1,28,34
15,Donovan McNabb,1999,2011,12,TOT,NFL,167,161,3170,5374,58.99,37276,234,117,7,4.4,2.18,85.6,410,2626,6.94,6.83,5.89,223.2,98,62,1,16,24
16,Jay Cutler,2006,2017,11,TOT,NFL,153,153,3048,4920,61.95,35133,227,160,19,4.6,3.25,85.3,322,2035,7.14,6.6,5.81,229.6,74,79,0,23,28
17,Dan Marino*,1989,1999,10,MIA,NFL,155,155,3101,5258,58.98,37505,224,149,19,4.3,2.83,83.3,197,1346,7.13,6.71,6.22,242,93,62,0,23,31
18,Joe Flacco,2008,2019,11,TOT,NFL,167,167,3597,5818,61.83,39321,217,139,10,3.7,2.39,84.2,344,2441,6.76,6.43,5.67,235.5,96,71,0,18,24
19,Warren Moon*,1989,2000,11,TOT,NFL,140,135,2929,4846,60.44,34656,213,148,11,4.4,3.05,84.2,287,2028,7.15,6.66,5.89,247.5,76,59,0,18,26
20,Matt Hasselbeck,1999,2015,16,TOT,NFL,209,160,3222,5330,60.45,36638,212,153,13,4,2.87,82.4,360,2260,6.87,6.38,5.58,175.3,85,75,0,15,24
21,Kerry Collins,1995,2011,16,TOT,NFL,198,180,3487,6261,55.69,40922,208,196,20,3.3,3.13,73.8,337,2230,6.54,5.79,5.16,206.7,81,99,0,21,30
22,Kurt Warner*,1998,2009,11,TOT,NFL,124,116,2666,4070,65.5,32344,208,128,15,5.1,3.14,93.7,260,1669,7.95,7.55,6.71,260.8,67,49,0,7,11
23,Steve Young*,1989,1999,10,SFO,NFL,131,118,2309,3478,66.39,28657,208,83,4,6,2.39,101.7,274,1471,8.24,8.36,7.36,218.8,87,31,0,11,14
24,Russell Wilson,2012,2019,7,SEA,NFL,116,116,2192,3394,64.58,26765,204,63,3,6,1.86,101.1,311,2028,7.89,8.25,7.01,230.7,78,37,1,18,24
25,John Elway*,1989,1998,9,DEN,NFL,149,148,2681,4596,58.33,33331,198,130,11,4.3,2.83,83.5,344,2494,7.25,6.84,5.86,223.7,94,54,0,17,27
26,Andy Dalton,2011,2019,8,CIN,NFL,124,124,2545,4087,62.27,29250,193,108,11,4.7,2.64,88.5,260,1611,7.16,6.91,6.13,235.9,68,54,2,20,24
27,Alex Smith,2005,2018,13,TOT,NFL,166,161,3082,4941,62.38,34068,193,101,8,3.9,2.04,87.3,410,2324,6.89,6.76,5.8,205.2,94,66,1,18,22
28,Ryan Fitzpatrick,2005,2019,14,TOT,NFL,144,128,2602,4337,60,29660,191,152,11,4.4,3.5,80.7,251,1328,6.84,6.14,5.52,206,50,77,1,9,13
29,Mark Brunell,1994,2011,17,TOT,NFL,193,151,2761,4640,59.5,32072,184,108,14,4,2.33,84,390,2395,6.91,6.66,5.67,166.2,78,73,0,16,22
30,Cam Newton,2011,2019,8,CAR,NFL,125,124,2371,3980,59.57,29041,182,108,10,4.6,2.71,86.1,291,2199,7.3,6.99,6,232.3,68,55,1,15,17
31,Jim Kelly*,1989,1996,7,BUF,NFL,116,116,2070,3428,60.39,25696,181,130,11,5.3,3.79,85.4,223,1629,7.5,6.85,5.98,221.5,79,37,0,16,21
32,Rich Gannon,1989,2004,15,TOT,NFL,150,132,2524,4185,60.31,28635,180,103,6,4.3,2.46,84.9,299,1667,6.84,6.59,5.78,190.9,76,56,0,16,20
33,Steve McNair,1995,2007,12,TOT,NFL,161,153,2733,4544,60.15,31304,174,119,13,3.8,2.62,82.8,254,1567,6.89,6.48,5.81,194.4,91,62,0,15,21
34,Andrew Luck,2012,2018,6,CLT,NFL,86,86,2000,3290,60.79,23671,171,83,10,5.2,2.52,89.5,174,1124,7.19,7.1,6.42,275.2,53,33,0,16,20
35,Jon Kitna,1997,2011,14,TOT,NFL,141,124,2677,4442,60.27,29745,169,165,17,3.8,3.71,77.4,323,1987,6.7,5.79,4.98,211,50,74,0,18,22
36,Brad Johnson,1994,2008,14,TOT,NFL,177,125,2668,4326,61.67,29054,166,122,12,3.8,2.82,82.5,251,1616,6.72,6.21,5.52,164.1,72,53,0,14,27
37,Troy Aikman*,1989,2000,11,DAL,NFL,165,165,2898,4715,61.46,32942,165,141,11,3.5,2.99,81.6,259,1748,6.99,6.34,5.66,199.6,94,71,0,15,20
38,Chris Chandler,1989,2004,15,TOT,NFL,165,139,2199,3772,58.3,26865,162,134,13,4.3,3.55,79.9,362,2462,7.12,6.38,5.23,162.8,58,81,0,9,14
39,Trent Green,1997,2008,11,TOT,NFL,120,113,2266,3740,60.59,28475,162,114,6,4.3,3.05,86,259,1621,7.61,7.11,6.24,237.3,56,57,0,15,19
40,Jeff Garcia,1999,2009,10,TOT,NFL,125,116,2264,3676,61.59,25537,161,83,11,4.4,2.26,87.5,181,947,6.95,6.81,6.24,204.3,58,58,0,11,17
41,Jake Plummer,1997,2006,9,TOT,NFL,143,136,2484,4350,57.1,29253,161,161,13,3.7,3.7,74.6,284,1735,6.72,5.8,5.07,204.6,69,67,0,20,30
42,Jim Everett,1989,1997,8,TOT,NFL,125,121,2298,3957,58.07,27791,154,136,11,3.9,3.44,78.4,204,1499,7.02,6.25,5.59,222.3,46,75,0,11,13
43,Jeff George,1990,2001,11,TOT,NFL,131,124,2298,3967,57.93,27602,154,113,12,3.9,2.85,80.4,358,2691,6.96,6.45,5.3,210.7,46,78,0,8,17
44,Randall Cunningham,1989,2001,12,TOT,NFL,112,98,1760,3033,58.03,21446,151,91,3,5,3,84,281,2076,7.07,6.72,5.52,191.5,63,35,0,13,16
45,Daunte Culpepper,1999,2009,10,TOT,NFL,105,100,2016,3199,63.02,24153,149,106,7,4.7,3.31,87.8,298,1696,7.55,6.99,5.91,230,41,59,0,11,17
46,Boomer Esiason,1989,1997,8,TOT,NFL,118,111,1931,3375,57.21,23095,149,119,9,4.4,3.53,78.3,199,1449,6.84,6.14,5.39,195.7,45,66,0,8,13
47,Steve Beuerlein,1989,2003,14,TOT,NFL,137,94,1789,3090,57.9,22403,139,105,6,4.5,3.4,81.4,306,1909,7.25,6.62,5.46,163.5,43,51,0,13,15
48,Jeff Blake,1992,2005,13,TOT,NFL,119,100,1827,3241,56.37,21711,134,99,12,4.1,3.05,78,248,1550,6.7,6.15,5.27,182.4,39,61,0,12,16
49,Matt Schaub,2004,2018,14,TOT,NFL,148,92,2098,3281,63.94,24887,133,90,14,4.1,2.74,89.1,178,1226,7.59,7.16,6.44,168.2,47,45,0,11,14
50,Michael Vick,2001,2015,14,TOT,NFL,143,115,1807,3217,56.17,22464,133,88,6,4.1,2.74,80.4,316,1879,6.98,6.58,5.46,157.1,61,51,1,14,15
51,Kirk Cousins,2012,2019,7,TOT,NFL,82,77,1861,2801,66.44,21239,132,67,10,4.7,2.39,94.8,154,1168,7.58,7.45,6.67,259,36,39,2,9,12
52,Jim Harbaugh,1989,2000,11,TOT,NFL,161,138,2250,3810,59.06,25712,129,115,6,3.4,3.02,78.1,351,2038,6.75,6.07,5.07,159.7,65,73,0,14,18
53,Derek Carr,2014,2019,5,RAI,NFL,82,82,1852,2929,63.23,19627,128,57,6,4.4,1.95,89.2,150,906,6.7,6.7,6.08,239.4,34,48,0,16,16
54,Jake Delhomme,1999,2011,12,TOT,NFL,103,96,1741,2932,59.38,20975,126,101,13,4.3,3.44,81.3,168,1267,7.15,6.46,5.7,203.6,56,40,0,19,24
55,Aaron Brooks,2000,2006,6,TOT,NFL,93,90,1673,2963,56.46,20261,123,92,5,4.2,3.1,78.5,235,1454,6.84,6.27,5.36,217.9,38,52,0,12,18
56,Ryan Tannehill,2012,2019,7,TOT,NFL,89,88,1829,2911,62.83,20434,123,75,9,4.2,2.58,87,248,1885,7.02,6.71,5.58,229.6,42,46,0,15,13
57,Marc Bulger,2002,2009,7,RAM,NFL,96,95,1969,3171,62.09,22814,122,93,10,3.8,2.93,84.4,254,1863,7.19,6.64,5.61,237.6,41,54,0,12,16
58,Neil O'Donnell,1991,2003,12,TOT,NFL,125,100,1865,3229,57.76,21690,120,68,8,3.7,2.11,81.8,259,1906,6.72,6.51,5.48,173.5,55,45,0,15,18
59,Brian Griese,1998,2008,10,TOT,NFL,93,83,1752,2796,62.66,19440,119,99,12,4.3,3.54,82.7,193,1326,6.95,6.21,5.37,209,44,38,0,9,12
60,Gus Frerotte,1994,2008,14,TOT,NFL,147,93,1699,3106,54.7,21291,114,106,10,3.7,3.41,74.2,207,1328,6.85,6.05,5.27,144.8,45,47,1,8,10
61,Trent Dilfer,1994,2007,13,TOT,NFL,130,113,1759,3172,55.45,20518,113,129,13,3.6,4.07,70.2,263,1730,6.47,5.35,4.44,157.8,58,55,0,14,15
62,Dave Krieg,1989,1998,9,TOT,NFL,125,95,1747,2967,58.88,20598,113,103,7,3.8,3.47,78.3,262,1925,6.94,6.14,5.05,164.8,48,47,0,14,15
63,Chris Miller,1989,1999,10,TOT,NFL,82,77,1357,2449,55.41,16635,111,81,8,4.5,3.31,77.9,180,1283,6.79,6.21,5.3,202.9,29,48,0,7,8
64,Matt Cassel,2005,2018,13,TOT,NFL,108,81,1578,2683,58.81,17508,104,82,10,3.9,3.06,78.5,210,1157,6.53,5.93,5.1,162.1,36,45,0,9,12
65,Blake Bortles,2014,2018,4,JAX,NFL,75,73,1561,2632,59.31,17646,103,75,13,3.9,2.85,80.6,195,1158,6.7,6.2,5.37,235.3,24,49,0,6,8
66,Sam Bradford,2010,2018,8,TOT,NFL,83,83,1855,2967,62.52,19449,103,61,8,3.5,2.06,84.5,196,1371,6.56,6.32,5.5,234.3,34,48,1,7,8
67,Chad Pennington,2000,2010,10,TOT,NFL,89,81,1632,2471,66.05,17823,102,64,6,4.1,2.59,90.1,162,965,7.21,6.87,6.08,200.3,44,37,0,7,10
68,Kyle Orton,2005,2014,9,TOT,NFL,87,82,1613,2712,59.48,18037,101,69,7,3.7,2.54,81.2,165,1016,6.65,6.25,5.54,207.3,42,40,0,8,9
69,Elvis Grbac,1994,2001,7,TOT,NFL,105,70,1446,2445,59.14,16774,99,81,12,4,3.31,79.6,129,907,6.86,6.18,5.52,159.8,40,30,0,8,13
70,Josh McCown,2002,2019,17,TOT,NFL,100,76,1584,2633,60.16,17731,98,82,5,3.7,3.11,79.7,235,1563,6.73,6.08,5.03,177.3,23,53,0,6,7
71,Mark Rypien,1989,2001,12,TOT,NFL,95,72,1352,2405,56.22,16743,97,75,7,4,3.12,78.4,83,549,6.96,6.37,5.93,176.2,44,28,0,8,12
72,Jameis Winston,2015,2019,4,TAM,NFL,60,58,1270,2061,61.62,15795,97,63,4,4.7,3.06,88.3,134,866,7.66,7.23,6.39,263.3,23,35,0,5,9
73,Scott Mitchell,1991,2001,10,TOT,NFL,99,71,1301,2346,55.46,15692,95,81,7,4,3.45,75.3,155,882,6.69,5.95,5.22,158.5,32,39,0,6,9
74,Bobby Hebert,1989,1996,7,TOT,NFL,79,63,1257,2089,60.17,14702,93,88,8,4.5,4.21,78.8,112,781,7.04,6.03,5.37,186.1,33,30,0,7,10
75,Jeff Hostetler,1989,1997,8,TOT,NFL,118,82,1341,2309,58.08,16186,93,69,7,4,2.99,80.7,202,1127,7.01,6.47,5.5,137.2,50,32,0,8,10
76,David Garrard,2002,2010,8,JAX,NFL,86,76,1406,2281,61.64,16003,89,54,4,3.9,2.37,85.8,179,1115,7.02,6.73,5.79,186.1,39,37,0,10,17
77,Stan Humphries,1989,1997,8,TOT,NFL,88,81,1431,2516,56.88,17191,89,84,11,3.5,3.34,75.8,144,1182,6.83,6.04,5.27,195.4,50,31,0,8,10
78,Erik Kramer,1991,1999,8,TOT,NFL,80,65,1272,2207,57.63,14778,88,74,4,4,3.35,77.3,112,706,6.7,5.98,5.39,184.7,30,35,0,10,13
79,Jason Campbell,2006,2014,8,TOT,NFL,90,79,1519,2518,60.33,16771,87,60,5,3.5,2.38,81.7,170,1096,6.66,6.28,5.47,186.3,32,47,0,7,10
80,Mark Sanchez,2009,2018,9,TOT,NFL,79,73,1314,2320,56.64,15357,86,89,9,3.7,3.84,73.2,168,1090,6.62,5.63,4.82,194.4,37,36,0,8,10
81,Joe Montana*,1989,1994,5,TOT,NFL,54,53,1087,1718,63.27,13018,83,40,1,4.8,2.33,92.8,94,552,7.58,7.5,6.8,241.1,42,11,0,10,13
82,Josh Freeman,2009,2015,6,TOT,NFL,62,61,1179,2048,57.57,13873,81,68,6,4,3.32,77.6,112,690,6.77,6.07,5.44,223.8,25,36,0,9,10
83,Joey Harrington,2002,2007,5,TOT,NFL,81,76,1424,2538,56.11,14693,79,85,14,3.1,3.35,69.4,124,770,5.79,4.9,4.39,181.4,26,50,0,6,7
84,Carson Wentz,2016,2019,3,PHI,NFL,44,44,1011,1593,63.47,11115,79,30,1,5,1.88,92.7,99,608,6.98,7.12,6.35,252.6,25,19,0,4,5
85,Tony Banks,1996,2005,9,TOT,NFL,96,78,1278,2356,54.24,15315,77,73,7,3.3,3.1,72.4,227,1432,6.5,5.76,4.7,159.5,35,43,0,5,7
86,Kordell Stewart,1995,2005,10,TOT,NFL,125,87,1316,2358,55.81,14746,77,84,7,3.3,3.56,70.7,170,1048,6.25,5.3,4.53,118,48,34,0,9,14
87,Marcus Mariota,2015,2019,4,OTI,NFL,60,59,1089,1724,63.17,12937,76,42,6,4.4,2.44,90.5,147,952,7.5,7.29,6.21,215.6,29,30,0,9,11
88,Rodney Peete,1989,2004,15,TOT,NFL,104,87,1344,2346,57.29,16338,76,92,7,3.2,3.92,73.3,244,1372,6.96,5.85,4.77,157.1,45,42,0,9,14
89,Dak Prescott,2016,2019,3,DAL,NFL,52,52,1067,1602,66.6,12019,76,28,4,4.7,1.75,97.4,116,699,7.5,7.66,6.74,231.1,35,17,0,8,14
90,Doug Flutie,1989,2005,16,TOT,NFL,75,55,1047,1901,55.08,13005,74,56,1,3.9,2.95,77.2,89,589,6.84,6.29,5.72,173.4,30,25,0,6,8
91,Mike Tomczak,1989,1999,10,TOT,NFL,140,55,989,1832,53.98,12411,74,80,3,4,4.37,70.6,96,673,6.77,5.62,4.99,88.7,27,28,0,3,7
92,Colin Kaepernick,2011,2016,5,SFO,NFL,69,58,1011,1692,59.75,12271,72,30,3,4.3,1.77,88.9,171,1060,7.25,7.31,6.07,177.8,28,30,0,7,7
93,Jared Goff,2016,2019,3,RAM,NFL,42,42,883,1416,62.36,10835,71,32,1,5,2.26,93.2,92,679,7.65,7.64,6.72,258,27,15,0,6,6
94,Case Keenum,2012,2019,7,TOT,NFL,61,58,1236,1979,62.46,13631,71,46,4,3.6,2.32,85.1,112,825,6.89,6.56,5.81,223.5,26,32,0,6,10
95,Bubby Brister,1989,2000,11,TOT,NFL,82,60,1007,1770,56.89,11500,70,59,6,4,3.33,75.9,149,1262,6.5,5.79,4.68,140.2,33,27,0,8,10
96,Jay Fiedler,1995,2005,10,TOT,NFL,76,60,1008,1717,58.71,11844,69,66,8,4,3.84,77.1,114,734,6.9,5.97,5.2,155.8,37,23,0,8,9
97,Nick Foles,2012,2019,7,TOT,NFL,55,45,979,1589,61.61,11240,69,33,4,4.3,2.08,88.7,89,601,7.07,7.01,6.28,204.4,26,19,0,8,10
98,Bernie Kosar,1989,1996,7,TOT,NFL,77,61,1163,1938,60.01,12946,67,54,3,3.5,2.79,79.8,168,964,6.68,6.12,5.17,168.1,23,37,1,5,5
99,David Carr,2002,2012,10,TOT,NFL,94,79,1353,2267,59.68,14452,65,71,7,2.9,3.13,74.9,267,1564,6.37,5.54,4.34,153.7,23,56,0,7,11
100,Tim Couch,1999,2003,4,CLE,NFL,62,59,1025,1714,59.8,11131,64,67,8,3.7,3.91,75.1,166,1119,6.49,5.48,4.4,179.5,22,37,0,10,11
101,Steve DeBerg,1989,1998,9,TOT,NFL,66,49,952,1613,59.02,11724,64,49,5,4,3.04,82.1,87,732,7.27,6.69,5.92,177.6,29,20,0,7,8
102,Jay Schroeder,1989,1994,5,TOT,NFL,73,60,796,1535,51.86,10779,62,58,4,4,3.78,72.3,129,919,7.02,6.13,5.1,147.7,34,26,0,6,6
103,Charlie Batch,1998,2012,14,TOT,NFL,81,55,908,1604,56.61,11085,61,52,3,3.8,3.24,77.2,161,890,6.91,6.21,5.14,136.9,25,30,0,9,11
104,Derek Anderson,2006,2018,12,TOT,NFL,78,49,909,1674,54.3,10878,60,64,9,3.6,3.82,70.4,81,563,6.5,5.49,4.92,139.5,20,29,0,5,7
105,Patrick Mahomes,2017,2019,2,KAN,NFL,21,21,511,771,66.28,6891,60,13,1,7.8,1.69,113.5,31,204,8.94,9.74,9.1,328.1,17,4,0,3,4
106,Billy Joe Tolliver,1989,1999,10,TOT,NFL,79,47,891,1707,52.2,10760,59,64,5,3.5,3.75,67.7,125,877,6.3,5.31,4.47,136.2,15,32,0,5,5
107,Chad Henne,2008,2018,10,TOT,NFL,68,53,1161,1959,59.26,12960,58,63,7,3,3.22,75.5,149,938,6.62,5.76,4.91,190.6,18,35,0,4,5
108,Byron Leftwich,2003,2012,9,TOT,NFL,60,50,930,1605,57.94,10532,58,42,3,3.6,2.62,78.9,92,452,6.56,6.11,5.51,175.5,24,26,0,7,10
109,Phil Simms,1989,1993,4,NYG,NFL,55,53,824,1394,59.11,10288,57,34,5,4.1,2.44,85.6,121,711,7.38,7.1,6.06,187.1,35,18,0,6,7
110,Steve Bono,1989,1999,10,TOT,NFL,81,39,888,1581,56.17,9883,56,38,3,3.5,2.4,76.7,67,514,6.25,5.88,5.33,122,26,13,0,6,4
111,Rex Grossman,2003,2012,9,TOT,NFL,54,47,863,1562,55.25,10232,56,60,5,3.6,3.84,71.4,92,698,6.55,5.54,4.81,189.5,25,22,0,6,9
112,Wade Wilson,1989,1998,9,TOT,NFL,74,42,810,1393,58.15,9671,54,57,6,3.9,4.09,75.3,116,765,6.94,5.88,4.92,130.7,19,23,0,3,6
113,Tyrod Taylor,2011,2019,8,TOT,NFL,66,46,836,1357,61.61,9536,53,20,2,3.9,1.47,89.6,142,774,7.03,7.15,5.95,144.5,23,21,1,4,5
114,Don Majkowski,1989,1996,7,TOT,NFL,70,43,823,1442,57.07,9706,52,53,7,3.6,3.68,74.4,139,805,6.73,5.8,4.78,138.7,21,22,0,9,12
115,Deshaun Watson,2017,2019,2,HTX,NFL,27,26,553,835,66.23,6802,51,18,2,6.1,2.16,102.6,99,602,8.15,8.4,6.86,251.9,16,10,0,5,5
116,Rick Mirer,1993,2003,10,TOT,NFL,80,68,1088,2043,53.26,11969,50,76,3,2.4,3.72,63.5,199,1038,5.86,4.67,3.8,149.6,24,44,0,8,9
117,Shaun Hill,2005,2016,11,TOT,NFL,49,35,757,1225,61.8,8295,49,30,3,4,2.45,84.9,84,533,6.77,6.47,5.65,169.3,17,18,0,4,5
118,Kyle Boller,2003,2011,8,TOT,NFL,67,47,861,1519,56.68,8931,48,54,6,3.2,3.55,69.5,123,802,5.88,4.91,4.06,133.3,20,27,0,4,6
119,Blaine Gabbert,2011,2018,7,TOT,NFL,56,48,842,1498,56.21,9063,48,47,7,3.2,3.14,71.7,138,916,6.05,5.28,4.27,161.8,13,35,0,7,7
120,Brian Hoyer,2009,2018,9,TOT,NFL,65,37,838,1412,59.35,9902,48,30,1,3.4,2.12,83.2,81,571,7.01,6.74,5.99,152.3,16,21,0,6,6
121,Tommy Maddox,1992,2005,13,TOT,NFL,92,36,686,1200,57.17,8087,48,54,7,4,4.5,72.4,94,541,6.74,5.51,4.7,87.9,15,20,1,2,3
122,Vince Young,2006,2011,5,TOT,NFL,60,50,755,1304,57.9,8964,46,51,3,3.5,3.91,74.4,83,449,6.87,5.82,5.15,149.4,31,19,0,7,13
123,John Friesz,1990,2000,10,TOT,NFL,69,38,745,1364,54.62,8699,45,42,3,3.3,3.08,72.3,74,487,6.38,5.65,5.02,126.1,13,25,0,7,7
124,Matt Moore,2007,2019,12,TOT,NFL,50,30,586,984,59.55,6938,45,36,4,4.6,3.66,81.1,79,541,7.05,6.32,5.34,138.8,15,15,0,5,7
125,Dave Brown,1992,2001,9,TOT,NFL,73,60,892,1634,54.59,10248,44,58,6,2.7,3.55,67.9,181,1005,6.27,5.21,4.14,140.4,26,34,0,2,4
126,Ken O'Brien,1989,1993,4,TOT,NFL,62,51,927,1612,57.51,10851,44,48,4,2.7,2.98,74.7,142,1103,6.73,5.94,4.83,175,19,32,0,4,7
127,Robert Griffin,2012,2019,7,TOT,NFL,46,40,774,1222,63.34,9059,43,26,2,3.5,2.13,88.6,123,856,7.41,7.16,5.87,196.9,15,25,0,4,5
128,Craig Erickson,1992,1997,5,TOT,NFL,52,36,591,1092,54.12,7625,41,38,4,3.8,3.48,74.3,82,535,6.98,6.17,5.28,146.6,14,21,0,2,2
129,Frank Reich,1989,1998,9,TOT,NFL,111,20,498,912,54.61,5952,40,34,4,4.4,3.73,73.9,66,499,6.53,5.73,4.83,53.6,5,15,0,2,2
130,Steve Walsh,1989,1999,10,TOT,NFL,80,38,713,1317,54.14,7875,40,50,7,3,3.8,66.4,40,274,5.98,4.88,4.53,98.4,20,18,0,4,9
131,Kent Graham,1992,2001,9,TOT,NFL,81,38,694,1339,51.83,7801,39,33,3,2.9,2.46,69,100,679,5.83,5.3,4.46,96.3,17,21,0,8,9
132,Kelly Holcomb,1997,2007,10,TOT,NFL,37,24,565,893,63.27,5916,39,38,4,4.4,4.26,79.2,71,540,6.62,5.58,4.61,159.9,8,16,0,3,3
133,Tarvaris Jackson,2006,2015,9,TOT,NFL,59,34,640,1073,59.65,7263,39,35,3,3.6,3.26,78.5,90,546,6.77,6.03,5.09,123.1,17,17,0,3,4
134,Christian Ponder,2011,2014,3,MIN,NFL,38,36,632,1057,59.79,6658,38,36,7,3.6,3.41,75.9,95,501,6.3,5.49,4.6,175.2,14,21,1,2,3
135,Brock Osweiler,2012,2018,6,TOT,NFL,49,30,697,1165,59.83,7418,37,31,,3.2,2.66,78,79,559,6.37,5.81,4.99,151.4,15,15,0,5,5
136,Jim Miller,1995,2002,7,TOT,NFL,37,27,610,1046,58.32,6387,36,31,1,3.4,2.96,75.2,40,238,6.11,5.46,5.04,172.6,15,12,0,5,6
137,Mike Glennon,2013,2018,5,TOT,NFL,27,22,482,791,60.94,5107,35,20,1,4.4,2.53,84,65,491,6.46,6.2,5.16,189.1,6,16,0,3,4
138,Patrick Ramsey,2002,2008,6,TOT,NFL,37,24,511,913,55.97,5930,35,30,4,3.8,3.29,74.9,79,520,6.5,5.78,4.8,160.3,10,14,0,0,2
139,Ty Detmer,1993,2003,10,TOT,NFL,54,25,546,946,57.72,6351,34,35,6,3.6,3.7,74.7,67,386,6.71,5.77,5,117.6,11,14,0,5,6
140,Mitchell Trubisky,2017,2019,2,CHI,NFL,30,30,554,870,63.68,6004,34,21,,3.9,2.41,86.9,63,382,6.9,6.6,5.74,200.1,18,12,0,2,4
141,Damon Huard,1998,2008,10,TOT,NFL,64,27,574,946,60.68,6303,33,26,4,3.5,2.75,80.6,94,612,6.66,6.12,4.98,98.5,15,12,0,6,8
142,J.P. Losman,2004,2011,7,TOT,NFL,45,33,564,952,59.24,6271,33,34,3,3.5,3.57,75.6,108,789,6.59,5.67,4.35,139.4,10,23,0,3,6
143,Jim McMahon,1989,1996,7,TOT,NFL,53,36,618,1060,58.3,6945,33,34,4,3.1,3.21,75,80,454,6.55,5.73,4.93,131,21,15,0,5,7
144,Quincy Carter,2001,2004,3,TOT,NFL,38,34,542,960,56.46,6337,32,37,3,3.3,3.85,71.7,80,441,6.6,5.53,4.68,166.8,18,16,0,5,7
145,Teddy Bridgewater,2014,2019,5,TOT,NFL,38,31,624,961,64.93,6803,31,24,,3.2,2.5,86,92,624,7.08,6.6,5.43,179,19,12,0,5,5
146,Danny Kanell,1996,2003,7,TOT,NFL,43,24,491,956,51.36,5129,31,34,5,3.2,3.56,63.2,63,512,5.37,4.41,3.64,119.3,10,13,1,1,3
147,Shane Matthews,1996,2004,8,TOT,NFL,31,22,492,839,58.64,4756,31,24,4,3.7,2.86,75,34,208,5.67,5.12,4.68,153.4,11,11,0,3,2
148,Baker Mayfield,2018,2019,1,CLE,NFL,18,17,392,625,62.72,4872,31,20,2,5,3.2,90,37,259,7.8,7.35,6.55,270.7,8,9,0,3,4
149,Tim Rattay,2000,2007,7,TOT,NFL,40,18,432,714,60.5,4853,31,23,2,4.3,3.22,81.9,63,372,6.8,6.22,5.23,121.3,5,13,0,1,1
150,Seneca Wallace,2005,2013,8,TOT,NFL,64,22,468,788,59.39,4947,31,19,1,3.9,2.41,80.8,59,339,6.28,5.98,5.16,77.3,6,16,0,2,2
151,Brandon Weeden,2012,2018,6,TOT,NFL,35,25,559,965,57.93,6462,31,30,3,3.2,3.11,76,66,452,6.7,5.94,5.12,184.6,6,19,0,2,3
152,Rob Johnson,1995,2003,8,TOT,NFL,48,29,494,806,61.29,5795,30,23,2,3.7,2.85,83.6,140,817,7.19,6.65,4.8,120.7,12,17,0,4,4
153,Sage Rosenfels,2002,2010,8,TOT,NFL,44,12,351,562,62.46,4156,30,29,1,5.3,5.16,81.2,19,127,7.4,6.14,5.72,94.5,6,6,0,2,2
154,Trevor Siemian,2015,2019,4,TOT,NFL,27,25,498,841,59.22,5689,30,24,3,3.6,2.85,79.6,66,424,6.76,6.19,5.28,210.7,13,12,0,3,2
155,Colt McCoy,2010,2018,8,TOT,NFL,38,27,542,896,60.49,5958,29,26,1,3.2,2.9,78.9,83,496,6.65,5.99,4.98,156.8,7,20,0,2,5
156,Geno Smith,2013,2018,5,TOT,NFL,40,31,523,906,57.73,6182,29,36,8,3.2,3.97,72.7,81,556,6.82,5.68,4.65,154.6,12,19,0,3,7
157,A.J. Feeley,2001,2011,10,TOT,NFL,28,18,425,762,55.77,4618,28,31,6,3.7,4.07,69.1,44,276,6.06,4.96,4.35,164.9,8,10,0,3,5
158,Kevin Kolb,2007,2012,5,TOT,NFL,34,21,449,755,59.47,5206,28,25,4,3.7,3.31,78.9,77,517,6.9,6.15,4.96,153.1,9,12,0,4,3
159,Jack Trudeau,1989,1995,6,TOT,NFL,43,28,527,964,54.67,6273,28,42,3,2.9,4.36,66.3,59,391,6.51,5.13,4.45,145.9,14,14,0,10,10
160,Shaun King,1999,2004,5,TOT,NFL,34,24,415,738,56.23,4566,27,24,2,3.7,3.25,73.4,61,419,6.19,5.46,4.51,134.3,14,10,0,4,5
161,Jake Locker,2011,2014,3,OTI,NFL,30,23,408,709,57.55,4967,27,22,1,3.8,3.1,79,60,378,7.01,6.37,5.38,165.6,9,14,0,1,3
162,Billy Volek,2001,2011,10,TOT,NFL,39,10,337,561,60.07,3754,27,15,4,4.8,2.67,84.9,49,320,6.69,6.45,5.41,96.3,3,7,0,2,2
163,Trent Edwards,2007,2012,5,TOT,NFL,38,33,563,929,60.6,6033,26,30,6,2.8,3.23,75.5,69,482,6.49,5.6,4.73,158.8,14,19,0,4,5
164,Jacoby Brissett,2016,2019,3,TOT,NFL,27,21,402,666,60.36,4411,23,9,2,3.5,1.35,85.9,64,403,6.62,6.71,5.57,163.4,7,14,0,1,2
165,Billy Joe Hobert,1995,1999,4,TOT,NFL,29,17,275,527,52.18,3371,23,25,1,4.4,4.74,67,31,195,6.4,5.13,4.5,116.2,4,13,0,0,2
166,Todd Collins,1995,2010,15,TOT,NFL,50,21,391,701,55.78,4547,22,24,2,3.1,3.42,71.8,67,447,6.49,5.57,4.51,90.9,11,10,0,3,5
167,Jimmy Garoppolo,2014,2019,5,TOT,NFL,29,13,294,445,66.07,3707,22,12,1,4.9,2.7,97.1,31,222,8.33,8.11,7.11,127.8,11,2,0,4,4
168,Hugh Millen,1989,1995,6,TOT,NFL,36,25,542,896,60.49,6225,22,33,,2.5,3.68,74.3,121,795,6.95,5.78,4.31,172.9,7,18,0,3,5
169,Bruce Gradkowski,2006,2014,8,TOT,NFL,37,20,375,709,52.89,4057,21,24,1,3,3.39,65.8,53,333,5.72,4.79,4.02,109.6,6,14,0,6,7
170,Chris Redman,2000,2011,11,TOT,NFL,31,12,286,500,57.2,3179,21,14,5,4.2,2.8,78.6,34,198,6.36,5.94,5.19,102.5,4,8,0,2,2
171,Tyler Thigpen,2007,2014,7,TOT,NFL,29,12,275,509,54.03,3222,21,18,2,4.1,3.54,72.5,35,221,6.33,5.56,4.8,111.1,1,11,0,0,1
172,EJ Manuel,2013,2017,4,TOT,NFL,30,18,343,590,58.14,3767,20,16,2,3.4,2.71,77.1,47,297,6.38,5.84,4.95,125.6,6,12,0,1,3
173,Jamie Martin,1996,2007,11,TOT,NFL,53,8,355,541,65.62,3814,20,21,2,3.7,3.88,82.3,36,230,7.05,6.04,5.27,72,4,4,0,3,4
174,Drew Stanton,2008,2017,9,TOT,NFL,38,17,345,659,52.35,4059,20,24,,3,3.64,66.3,38,226,6.16,5.13,4.52,106.8,11,6,0,4,4
175,Anthony Wright,2000,2007,7,TOT,NFL,31,19,332,605,54.88,3590,20,25,3,3.3,4.13,66.3,55,394,5.93,4.74,3.74,115.8,8,11,0,3,3
176,Sean Salisbury,1992,1996,4,TOT,NFL,38,12,310,565,54.87,3756,19,17,3,3.4,3.01,74.2,41,308,6.65,5.97,5.05,98.8,6,6,0,1,2
177,Sam Darnold,2018,2019,1,NYJ,NFL,14,14,267,455,58.68,3040,18,15,2,4,3.3,78.3,34,224,6.68,5.99,5.11,217.1,4,10,0,1,1
178,Ray Lucas,1996,2002,6,TOT,NFL,55,15,280,483,57.97,3029,18,17,2,3.7,3.52,74.3,29,183,6.27,5.43,4.77,55.1,8,7,0,3,3
179,JaMarcus Russell,2007,2009,2,RAI,NFL,31,25,354,680,52.06,4083,18,23,,2.6,3.38,65.2,70,457,6,5.01,3.93,131.7,7,18,0,3,4
180,Cody Carlson,1989,1994,5,OTI,NFL,39,14,318,547,58.14,3694,17,22,,3.1,4.02,72.3,44,302,6.75,5.56,4.64,94.7,8,6,0,3,3
181,Matt Flynn,2008,2014,6,TOT,NFL,53,7,219,357,61.34,2541,17,11,4,4.8,3.08,85.9,39,209,7.12,6.68,5.5,47.9,3,4,0,4,3
182,Charlie Frye,2005,2009,4,TOT,NFL,26,23,419,677,61.89,4154,17,29,1,2.5,4.28,69.7,79,487,6.14,4.71,3.57,159.8,7,16,0,1,1
183,Tim Tebow,2010,2012,2,TOT,NFL,35,16,173,361,47.92,2422,17,9,2,4.7,2.49,75.3,41,258,6.71,6.53,5.22,69.2,8,6,0,6,6
184,Kellen Clemens,2006,2017,11,TOT,NFL,64,21,350,638,54.86,4053,16,21,5,2.5,3.29,68.9,66,401,6.35,5.37,4.3,63.3,8,13,0,1,2
185,Vince Evans,1989,1995,6,RAI,NFL,41,4,201,354,56.78,2683,16,17,2,4.5,4.8,76,39,279,7.58,6.32,4.98,65.4,1,3,0,2,2
186,Bob Gagliano,1989,1992,3,TOT,NFL,27,12,232,456,50.88,3195,16,26,4,3.5,5.7,61.6,46,308,7.01,5.14,4.06,118.3,6,6,0,1,2
187,Lamar Jackson,2018,2019,1,RAV,NFL,20,11,186,304,61.18,2311,16,5,,5.3,1.64,95.4,26,129,7.6,7.91,6.9,115.6,8,3,0,0,1
188,David Klingler,1992,1997,5,TOT,NFL,33,24,389,718,54.18,3994,16,22,,2.2,3.06,65.1,87,539,5.56,4.63,3.46,121,4,20,0,1,1
189,Cade McNown,1999,2000,1,CHI,NFL,25,15,281,515,54.56,3111,16,19,,3.1,3.69,67.7,45,263,6.04,5,4.13,124.4,3,12,0,0,1
190,Timm Rosenbach,1989,1992,3,CRD,NFL,26,20,295,551,53.54,3676,16,24,2,2.9,4.36,66,52,336,6.67,5.29,4.28,141.4,5,15,0,1,1
191,Alex Van Pelt,1995,2003,8,BUF,NFL,31,11,262,477,54.93,2985,16,24,1,3.4,5.03,64.1,19,113,6.26,4.66,4.26,96.3,3,8,0,1,3
192,Eric Zeier,1995,2000,5,TOT,NFL,28,12,301,537,56.05,3520,16,15,1,3,2.79,74.4,59,389,6.55,5.89,4.66,125.7,4,8,0,1,2
193,Matt Leinart,2006,2012,6,TOT,NFL,33,18,366,641,57.1,4065,15,21,1,2.3,3.28,70.2,30,221,6.34,5.34,4.77,123.2,8,10,0,2,2
194,Mike McMahon,2001,2005,4,TOT,NFL,29,14,229,515,44.47,2867,15,21,5,2.9,4.08,55.1,55,338,5.57,4.31,3.31,98.9,3,11,0,3,3
195,Dan Orlovsky,2005,2015,10,TOT,NFL,27,12,298,512,58.2,3132,15,13,1,2.9,2.54,75.3,29,182,6.12,5.56,4.93,116,2,10,0,1,1
196,Heath Shuler,1994,1997,3,TOT,NFL,29,22,292,593,49.24,3691,15,33,2,2.5,5.56,54.3,46,291,6.22,4.23,3.47,127.3,8,14,0,3,2
197,John Skelton,2010,2012,2,CRD,NFL,20,17,320,602,53.16,3707,15,25,3,2.5,4.15,63,47,325,6.16,4.79,3.94,185.4,8,9,0,6,7
198,Chris Weinke,2001,2007,6,TOT,NFL,29,20,386,709,54.44,3904,15,26,5,2.1,3.67,62.2,47,298,5.51,4.28,3.62,134.6,2,18,0,1,1
199,Gary Hogeboom,1989,1989,0,CRD,NFL,14,13,204,364,56.04,2591,14,19,2,3.8,5.22,69.5,40,266,7.12,5.54,4.33,185.1,5,8,0,1,1
200,Ryan Leaf,1998,2001,3,TOT,NFL,25,21,317,655,48.4,3666,14,36,6,2.1,5.5,50,65,377,5.6,3.55,2.71,146.6,4,17,0,2,3
201,Craig Whelihan,1997,1998,1,SDG,NFL,19,14,267,557,47.94,3160,14,29,2,2.5,5.21,52.4,36,279,5.67,3.83,3.13,166.3,2,12,0,2,2
202,Josh Allen,2018,2019,1,BUF,NFL,16,15,248,451,54.99,2977,13,18,1,2.9,3.99,68.4,37,274,6.6,5.38,4.41,186.1,8,7,0,4,5
203,Todd Bouman,2001,2010,9,TOT,NFL,44,7,147,264,55.68,1905,13,13,4,4.9,4.92,74.4,17,122,7.22,5.98,5.19,43.3,1,6,0,,
204,Austin Davis,2012,2017,5,TOT,NFL,16,10,236,378,62.43,2548,13,12,4,3.4,3.17,80.4,40,275,6.74,6,4.77,159.3,3,7,0,1,2
205,Quinn Gray,2005,2008,3,TOT,NFL,12,4,108,188,57.45,1328,13,5,1,6.9,2.66,91.4,12,86,7.06,7.25,6.39,110.7,2,2,0,1,1
206,Steve Grogan,1989,1990,1,NWE,NFL,11,10,183,353,51.84,2312,13,17,2,3.7,4.82,64.8,17,132,6.55,5.12,4.53,210.2,3,7,0,1,1
207,Donald Hollas,1991,1998,7,TOT,NFL,32,8,202,375,53.87,2399,13,21,3,3.5,5.6,61.8,52,329,6.4,4.57,3.24,75,4,4,0,2,1
208,Doug Johnson,2000,2004,4,TOT,NFL,25,11,218,384,56.77,2600,13,18,3,3.4,4.69,69.4,38,226,6.77,5.34,4.32,104,2,9,0,2,3
209,Nick Mullens,2018,2018,0,SFO,NFL,8,8,176,274,64.23,2277,13,10,2,4.7,3.65,90.8,17,127,8.31,7.62,6.74,284.6,3,5,0,0,1
210,C.J. Beathard,2017,2018,1,SFO,NFL,13,10,225,393,57.25,2682,12,13,1,3.1,3.31,74.6,37,297,6.82,5.95,4.74,206.3,1,9,0,,
211,Glenn Foley,1994,1999,5,TOT,NFL,21,9,207,382,54.19,2469,12,16,2,3.1,4.19,67.2,27,193,6.46,5.21,4.39,117.6,2,7,0,2,3
212,Zach Mettenberger,2014,2015,1,OTI,NFL,14,10,208,345,60.29,2347,12,14,2,3.5,4.06,75.4,31,236,6.8,5.67,4.58,167.6,0,10,0,,
213,Doug Pederson,1993,2004,11,TOT,NFL,100,17,286,522,54.79,2762,12,19,1,2.3,3.64,62.3,40,244,5.29,4.11,3.39,27.6,3,14,0,1,1
214,Brady Quinn,2007,2012,5,TOT,NFL,24,20,296,550,53.82,3043,12,17,3,2.2,3.09,64.4,41,236,5.53,4.58,3.86,126.8,4,16,0,1,2
215,Josh Rosen,2018,2019,1,TOT,NFL,18,15,260,477,54.51,2760,12,17,4,2.5,3.56,65.2,56,383,5.79,4.69,3.47,153.3,3,12,0,1,2
216,Chris Simms,2004,2009,5,TOT,NFL,23,16,297,511,58.12,3117,12,18,2,2.3,3.52,69.1,49,361,6.1,4.98,3.9,135.5,7,9,0,3,3
217,Tom Tupa,1989,2004,15,TOT,NFL,218,13,255,498,51.2,3381,12,25,3,2.4,5.02,60.2,46,361,6.79,5.01,3.92,15.5,4,9,0,1,1
218,Danny Wuerffel,1997,2002,5,TOT,NFL,25,10,184,350,52.57,2123,12,22,4,3.4,6.29,56.4,57,362,6.07,3.92,2.48,84.9,4,6,0,2,2
219,Jason Garrett,1993,2000,7,TOT,NFL,25,9,165,294,56.12,2042,11,5,,3.7,1.7,83.2,20,110,6.95,6.93,6.14,81.7,6,3,0,,
220,Bobby Hoying,1996,2000,4,TOT,NFL,22,13,244,456,53.51,2544,11,15,3,2.4,3.29,64.3,64,378,5.58,4.58,3.29,115.6,3,9,1,3,2
221,Chad Hutchinson,2002,2004,2,TOT,NFL,15,14,220,413,53.27,2466,11,11,2,2.7,2.66,69.1,57,425,5.97,5.31,3.76,164.4,3,11,0,1,1
222,DeShone Kizer,2017,2018,1,TOT,NFL,18,15,275,518,53.09,3081,11,24,1,2.1,4.63,58.9,42,264,5.95,4.29,3.49,171.2,0,15,0,,
223,Matt McGloin,2013,2016,3,RAI,NFL,13,7,161,277,58.12,1868,11,11,1,4,3.97,75.3,9,81,6.74,5.75,5.29,143.7,1,6,0,,
224,Charlie Whitehurst,2006,2016,10,TOT,NFL,26,9,219,396,55.3,2463,11,8,,2.8,2.02,74.9,38,204,6.22,5.87,4.88,94.7,2,7,0,1,1
225,Matt Barkley,2013,2019,6,TOT,NFL,13,7,183,307,59.61,2270,10,19,,3.3,6.19,67.6,11,84,7.39,5.26,4.81,174.6,2,5,0,,
226,Koy Detmer,1998,2006,8,PHI,NFL,104,8,184,354,51.98,1944,10,14,1,2.8,3.95,61.2,12,77,5.49,4.28,3.93,18.7,3,5,0,,
227,John Fourcade,1989,1990,1,NOR,NFL,20,8,111,223,49.78,1715,10,12,,4.5,5.38,68.1,21,140,7.69,6.17,5.06,85.8,5,3,0,1,2
228,Stan Gelbaugh,1989,1996,7,TOT,NFL,20,12,192,391,49.1,2100,10,22,2,2.6,5.63,50.5,46,377,5.37,3.35,2.14,105,1,11,0,1,1
229,T.J. Yates,2011,2017,6,TOT,NFL,22,10,179,324,55.25,2057,10,11,2,3.1,3.4,70.7,36,189,6.35,5.44,4.37,93.5,4,6,0,2,3
230,Brooks Bollinger,2004,2008,4,TOT,NFL,21,10,211,360,58.61,2226,9,9,1,2.5,2.5,74.6,49,301,6.18,5.56,4.16,106,2,8,0,2,1
231,Brett Hundley,2016,2017,1,GNB,NFL,15,9,194,326,59.51,1853,9,13,,2.8,3.99,67.9,29,197,5.68,4.44,3.52,123.5,3,6,0,2,2
232,Jeff Kemp,1989,1991,2,TOT,NFL,38,7,151,295,51.19,1753,9,17,,3.1,5.76,55.7,20,99,5.94,3.96,3.39,46.1,3,4,0,2,2
233,Ryan Mallett,2012,2017,5,TOT,NFL,21,8,190,345,55.07,1835,9,10,,2.6,2.9,66.8,7,37,5.32,4.54,4.34,87.4,3,5,0,,
234,Luke McCown,2004,2015,11,TOT,NFL,62,10,216,356,60.67,2370,9,15,1,2.5,4.21,71.3,34,271,6.66,5.27,4.11,38.2,2,8,0,1,1
235,J.T. O'Sullivan,2004,2009,5,TOT,NFL,17,8,145,257,56.42,1866,9,13,2,3.5,5.06,69.9,38,246,7.26,5.68,4.12,109.8,2,6,0,1,1
236,Terrelle Pryor,2011,2018,7,TOT,NFL,51,30,175,311,56.27,1994,9,12,1,2.9,3.86,69.3,32,204,6.41,5.25,4.17,39.1,3,7,0,,
237,Marc Wilson,1989,1990,1,NWE,NFL,30,10,214,415,51.57,2631,9,16,,2.2,3.86,62.6,39,299,6.34,5.04,3.95,87.7,1,9,0,1,1
238,Brodie Croyle,2006,2010,4,KAN,NFL,18,10,181,319,56.74,1669,8,9,2,2.5,2.82,67.8,26,168,5.23,4.46,3.64,92.7,0,10,0,,
239,Anthony Dilweg,1989,1990,1,GNB,NFL,10,7,102,193,52.85,1274,8,7,,4.1,3.63,72.3,22,150,6.6,5.8,4.51,127.4,2,5,0,1,1
240,Ken Dorsey,2004,2008,4,TOT,NFL,17,13,214,408,52.45,2082,8,18,4,2,4.41,55.2,25,172,5.1,3.51,2.91,122.5,2,11,0,0,1
241,Josh Johnson,2009,2018,9,TOT,NFL,33,8,148,268,55.22,1632,8,14,2,3,5.22,61.7,26,166,6.09,4.34,3.39,49.5,1,7,0,1,1
242,Landry Jones,2013,2017,4,PIT,NFL,19,5,108,169,63.91,1310,8,7,,4.7,4.14,86.2,9,66,7.75,6.83,6.12,68.9,3,2,0,1,2
243,Paul Justin,1995,1999,4,TOT,NFL,34,10,220,380,57.89,2614,8,10,,2.1,2.63,75,28,229,6.88,6.12,5.13,76.9,3,7,0,2,2
244,Cody Kessler,2016,2018,2,TOT,NFL,17,12,224,349,64.18,2215,8,5,,2.3,1.43,83.7,49,337,6.35,6.16,4.56,130.3,2,10,0,,
245,Cleo Lemon,2005,2008,3,TOT,NFL,16,8,211,379,55.67,2185,8,7,,2.1,1.85,71.8,30,190,5.77,5.36,4.5,136.6,1,7,0,1,1
246,Todd Marinovich,1991,1992,1,RAI,NFL,8,8,104,205,50.73,1345,8,9,1,3.9,4.39,66.4,20,154,6.56,5.37,4.2,168.1,3,5,0,0,1
247,Browning Nagle,1991,1996,5,TOT,NFL,24,14,213,437,48.74,2489,8,20,,1.8,4.58,53.5,36,274,5.7,4,3.12,103.7,4,10,0,0,0
248,T.J. Rubley,1993,1995,2,TOT,NFL,10,7,112,195,57.44,1377,8,7,1,4.1,3.59,78.1,13,106,7.06,6.27,5.37,137.7,2,5,0,1,1
249,Troy Smith,2007,2010,3,TOT,NFL,20,8,121,234,51.71,1734,8,5,,3.4,2.14,78.5,23,142,7.41,7.13,5.94,86.7,4,4,0,2,2
250,Scott Zolak,1992,1999,7,TOT,NFL,55,7,124,248,50,1314,8,7,,3.2,2.82,64.8,25,214,5.3,4.67,3.46,23.9,3,4,0,2,2
251,Jimmy Clausen,2010,2015,5,TOT,NFL,22,14,255,472,54.03,2520,7,14,3,1.5,2.97,61.9,43,281,5.34,4.3,3.4,114.5,1,13,0,0,0
252,Tom Hodson,1990,1995,5,TOT,NFL,36,12,174,320,54.38,1823,7,11,,2.2,3.44,64.1,41,300,5.7,4.59,3.24,50.6,1,11,0,,
253,Tommy Kramer,1989,1990,1,TOT,NFL,9,4,78,139,56.12,908,7,8,1,5,5.76,68.9,14,86,6.53,4.95,3.93,100.9,3,1,0,,
254,Johnny Manziel,2014,2015,1,CLE,NFL,15,8,147,258,56.98,1675,7,7,,2.7,2.71,74.4,22,167,6.49,5.81,4.76,111.7,2,6,0,,
255,Gardner Minshew,2019,2019,0,JAX,NFL,4,3,84,121,69.42,905,7,1,,5.8,0.83,106.9,10,65,7.48,8.26,7.14,226.3,2,1,0,1,1
256,Mike Pagel,1989,1993,4,TOT,NFL,71,3,96,218,44.04,1151,7,12,2,3.2,5.5,48.5,5,40,5.28,3.44,3.19,16.2,0,3,0,0,1
257,Todd Philcox,1990,1997,7,TOT,NFL,15,5,85,173,49.13,1138,7,11,2,4,6.36,57.4,18,119,6.58,4.53,3.48,75.9,2,3,0,,
258,Kyle Allen,2018,2019,1,CAR,NFL,4,3,63,91,69.23,759,6,0,,6.6,0,116.5,5,50,8.34,9.66,8.64,189.8,3,0,0,0,1
259,Jeff Driskel,2018,2018,0,CIN,NFL,9,5,105,176,59.66,1003,6,2,,3.4,1.14,82.2,16,122,5.7,5.87,4.74,111.4,1,4,0,,
260,A.J. McCarron,2014,2018,4,TOT,NFL,13,3,87,136,63.97,928,6,2,1,4.4,1.47,92.4,14,79,6.82,7.04,5.86,71.4,2,1,0,0,0
261,Curtis Painter,2009,2013,4,TOT,NFL,14,8,148,287,51.57,1681,6,13,1,2.1,4.53,57.6,20,126,5.86,4.24,3.55,120.1,0,8,0,,
262,Bucky Richardson,1992,1994,2,OTI,NFL,16,4,97,185,52.43,1257,6,6,,3.2,3.24,71.4,25,151,6.79,5.98,4.55,78.6,1,3,0,,
263,Mason Rudolph,2019,2019,0,PIT,NFL,3,2,50,74,67.57,515,6,2,,8.1,2.7,103.2,2,14,6.96,7.36,6.99,171.7,1,1,0,,
264,Jim Sorgi,2004,2009,5,CLT,NFL,16,0,99,156,63.46,929,6,1,,3.8,0.64,89.9,6,37,5.96,6.44,5.97,58.1,0,0,0,,
265,Peter Tom Willis,1990,1993,3,CHI,NFL,21,3,104,183,56.83,1261,6,15,3,3.3,8.2,54.9,18,94,6.89,3.86,3.04,60,0,3,0,,
266,Mike Buck,1991,1995,4,TOT,NFL,12,1,55,92,59.78,790,5,4,,5.4,4.35,87.7,5,27,8.59,7.72,7.04,65.8,0,1,0,,
267,Cary Conklin,1992,1995,3,TOT,NFL,7,2,52,101,51.49,560,5,3,1,5,2.97,72.2,10,65,5.54,5.2,4.14,80,0,2,0,,
268,Chase Daniel,2010,2019,9,TOT,NFL,63,4,126,184,68.48,1190,5,3,1,2.7,1.63,88.4,17,85,6.47,6.28,5.32,18.9,2,2,0,1,0
269,Gale Gilbert,1990,1995,5,TOT,NFL,33,2,85,143,59.44,841,5,7,,3.5,4.9,67.4,14,80,5.88,4.38,3.48,25.5,0,2,0,2,1
270,Tim Hasselbeck,2002,2007,5,TOT,NFL,12,5,95,177,53.67,1012,5,7,,2.8,3.95,63.6,9,44,5.72,4.5,4.05,84.3,1,4,0,,
271,Blair Kiel,1990,1991,1,GNB,NFL,7,2,80,135,59.26,865,5,4,1,3.7,2.96,78.2,10,75,6.41,5.81,4.9,123.6,0,2,0,,
272,Thaddeus Lewis,2012,2014,2,TOT,NFL,7,6,115,189,60.85,1296,5,4,,2.6,2.12,81.4,21,114,6.86,6.43,5.25,185.1,2,4,0,1,1
273,Craig Nall,2003,2007,4,GNB,NFL,7,0,30,48,62.5,402,5,0,,10.4,0,123.8,3,18,8.38,10.46,9.49,57.4,0,0,0,,
274,Tom Savage,2014,2017,3,HTX,NFL,13,9,181,315,57.46,2000,5,7,,1.6,2.22,72.5,27,200,6.35,5.67,4.63,153.8,2,7,0,3,3
275,Akili Smith,1999,2002,3,CIN,NFL,22,17,215,461,46.64,2212,5,13,1,1.1,2.82,52.8,59,327,4.8,3.75,2.69,100.5,3,14,0,1,1
276,Andre Ware,1990,1993,3,DET,NFL,14,6,83,161,51.55,1112,5,8,,3.1,4.97,63.5,27,146,6.91,5.29,3.76,79.4,3,3,0,,
277,Erik Wilhelm,1989,1996,7,CIN,NFL,22,1,77,136,56.62,912,5,6,,3.7,4.41,71.1,8,43,6.71,5.46,4.85,41.5,0,1,0,,
278,Stoney Case,1995,2000,5,TOT,NFL,20,6,163,318,51.26,1826,4,15,4,1.3,4.72,53.3,39,280,5.74,3.87,2.66,91.3,3,3,0,1,1
279,Tony Eason,1989,1990,1,TOT,NFL,21,5,92,169,54.44,1171,4,7,,2.4,4.14,67,21,155,6.93,5.54,4.11,55.8,1,4,0,1,1
280,Kevin Hogan,2016,2017,1,CLE,NFL,8,1,60,101,59.41,621,4,7,1,4,6.93,61.5,8,45,6.15,3.82,3.13,77.6,0,1,0,,
281,Brock Huard,2000,2003,3,TOT,NFL,8,4,60,107,56.07,689,4,2,,3.7,1.87,80.3,15,80,6.44,6.35,4.91,86.1,0,4,0,,
282,Paxton Lynch,2016,2017,1,DEN,NFL,5,4,79,128,61.72,792,4,4,,3.1,3.13,76.7,18,93,6.19,5.41,4.1,158.4,1,3,0,,
283,Kellen Moore,2012,2015,3,TOT,NFL,3,2,61,104,58.65,779,4,6,,3.8,5.77,71,5,23,7.49,5.66,5.19,259.7,0,2,0,0,0
284,Kyler Murray,2019,2019,0,CRD,NFL,4,4,106,169,62.72,1071,4,4,,2.4,2.37,78.8,20,134,6.34,5.75,4.43,267.8,0,3,1,1,0
285,Bryce Petty,2016,2017,1,NYJ,NFL,10,7,130,245,53.06,1353,4,10,,1.6,4.08,57.7,21,134,5.52,4.01,3.19,135.3,1,6,0,1,1
286,Jonathan Quinn,1998,2004,6,TOT,NFL,17,6,117,223,52.47,1161,4,7,2,1.8,3.14,60.4,30,201,5.21,4.15,2.87,68.3,1,5,0,,
287,Scott Secules,1989,1993,4,TOT,NFL,57,4,108,204,52.94,1311,4,14,1,2,6.86,50.9,9,43,6.43,3.73,3.37,23,0,4,0,1,1
288,Steve Stenstrom,1996,1999,3,TOT,NFL,17,10,177,314,56.37,1895,4,12,3,1.3,3.82,62.5,32,227,6.04,4.57,3.49,111.5,1,9,0,,
289,Clint Stoerner,2000,2001,1,DAL,NFL,5,2,29,54,53.7,367,4,5,,7.4,9.26,61.3,7,43,6.8,4.11,2.93,73.4,1,1,0,,
290,John Beck,2007,2011,4,TOT,NFL,9,7,140,239,58.58,1417,3,7,,1.3,2.93,67.6,26,153,5.93,4.86,3.81,157.4,0,7,0,,
291,Henry Burris,2002,2002,0,CHI,NFL,6,1,18,51,35.29,207,3,5,,5.9,9.8,28.4,0,0,4.06,0.82,0.82,34.5,0,1,0,,
292,Scott Campbell,1989,1990,1,ATL,NFL,8,2,36,76,47.37,527,3,4,1,3.9,5.26,61.7,9,55,6.93,5.36,4.14,65.9,0,2,0,,
293,Joe Ferguson,1989,1990,1,TOT,NFL,6,2,46,98,46.94,554,3,8,,3.1,8.16,40.9,5,37,5.65,2.59,2.11,92.3,0,2,0,,
294,Caleb Hanie,2009,2012,3,TOT,NFL,10,4,59,116,50.86,679,3,10,2,2.6,8.62,41.6,21,148,5.85,2.49,1.03,67.9,0,4,0,0,0
295,Daniel Jones,2019,2019,0,NYG,NFL,3,2,49,71,69.01,578,3,2,,4.2,2.82,95.9,5,24,8.14,7.72,6.89,192.7,2,0,0,1,1
296,Craig Krenzel,2004,2004,0,CHI,NFL,6,5,59,127,46.46,718,3,6,,2.4,4.72,52.5,23,158,5.65,4,2.33,119.7,3,2,0,1,1
297,Ryan Lindley,2012,2015,3,TOT,NFL,10,6,140,274,51.09,1372,3,11,3,1.1,4.01,52.4,18,137,5.01,3.42,2.74,137.2,1,5,0,0,0
298,Stephen McGee,2010,2011,1,DAL,NFL,3,1,46,82,56.1,420,3,0,,3.7,0,82.4,6,50,5.12,5.85,4.89,140,1,0,0,1,1
299,Keith Null,2009,2009,0,RAM,NFL,4,4,73,119,61.34,566,3,9,1,2.5,7.56,49.9,13,82,4.76,1.86,1.05,141.5,0,4,0,,
300,Jesse Palmer,2002,2003,1,NYG,NFL,8,3,63,120,52.5,562,3,4,1,2.5,3.33,59.8,16,95,4.68,3.68,2.55,70.3,0,3,0,,
301,Nathan Peterman,2017,2018,1,BUF,NFL,8,4,68,130,52.31,548,3,12,3,2.3,9.23,32.5,8,39,4.22,0.52,0.21,68.5,1,3,0,,
302,Jeff Rutledge,1989,1992,3,TOT,NFL,43,1,51,90,56.67,644,3,1,1,3.3,1.11,85.6,8,54,7.16,7.32,6.17,15,0,1,0,1,1
303,Kelly Stouffer,1989,1992,3,SEA,NFL,14,10,127,264,48.11,1227,3,13,3,1.1,4.92,44.8,37,321,4.65,2.66,1.27,87.6,2,8,0,,
304,Mark Vlasic,1990,1991,1,TOT,NFL,12,2,47,84,55.95,484,3,2,,3.6,2.38,74.7,2,16,5.76,5.4,5.09,40.3,0,2,0,1,1
305,Andrew Walter,2006,2008,2,RAI,NFL,15,9,174,333,52.25,1919,3,16,,0.9,4.8,52.6,51,295,5.76,3.78,2.51,127.9,2,7,0,,
306,Joe Webb,2010,2018,8,TOT,NFL,102,4,90,159,56.6,888,3,6,,1.9,3.77,63.1,11,69,5.58,4.26,3.58,8.7,1,1,0,0,2
307,Jeff Carlson,1990,1992,2,TOT,NFL,7,3,49,114,42.98,636,2,9,,1.8,7.89,34.1,14,94,5.58,2.38,1.38,90.9,0,3,0,,
308,Will Furrer,1992,1995,3,TOT,NFL,9,2,57,124,45.97,572,2,10,,1.6,8.06,31.4,9,74,4.61,1.31,0.66,63.6,0,2,0,,
309,Tony Graziani,1997,1999,2,ATL,NFL,18,5,85,174,48.85,999,2,8,,1.1,4.6,51.4,15,100,5.74,3.9,3.06,55.5,2,3,0,1,1
310,Ron Jaworski,1989,1989,0,KAN,NFL,6,3,36,61,59.02,385,2,5,,3.3,8.2,54.3,1,10,6.31,3.28,3.06,64.2,1,2,0,1,1
311,Kurt Kittner,2003,2003,0,ATL,NFL,7,4,44,114,38.6,391,2,6,1,1.8,5.26,32.5,5,30,3.43,1.41,1.1,55.9,1,3,0,,
312,Gary Kubiak,1989,1991,2,DEN,NFL,48,1,46,82,56.1,462,2,6,1,2.4,7.32,49.9,12,80,5.63,2.83,1.62,9.6,1,0,0,,
313,Dan McGwire,1991,1995,4,TOT,NFL,13,5,74,148,50,745,2,6,,1.4,4.05,52.3,21,161,5.03,3.48,2.09,57.3,2,3,0,,
314,John Navarre,2004,2005,1,CRD,NFL,2,1,32,64,50,342,2,5,,3.1,7.81,43.9,5,35,5.34,2.45,1.77,171,0,1,0,,
315,Tyler Palko,2010,2011,1,KAN,NFL,8,4,84,140,60,831,2,7,,1.4,5,60.7,13,93,5.94,3.97,3.03,103.9,1,3,0,,
316,Brian St. Pierre,2004,2010,6,TOT,NFL,3,1,15,33,45.45,185,2,3,2,6.1,9.09,45.6,3,23,5.61,2.73,1.86,61.7,0,1,0,1,1
317,Troy Taylor,1990,1991,1,NYJ,NFL,7,0,12,20,60,125,2,1,,10,5,90.6,2,3,6.25,6,5.32,17.9,0,0,0,,
318,Scott Tolzien,2012,2017,5,TOT,NFL,10,4,88,146,60.27,1065,2,9,3,1.4,6.16,61.6,11,84,7.29,4.79,3.92,106.5,0,3,1,0,0
319,Marques Tuiasosopo,2001,2008,7,RAI,NFL,13,2,49,90,54.44,554,2,7,,2.2,7.78,48.1,10,70,6.16,3.1,2.09,42.6,0,2,0,,
320,Richard Bartel,2010,2011,1,CRD,NFL,3,0,26,50,52,236,1,2,1,2,4,55.1,3,18,4.72,3.32,2.79,78.7,0,0,0,,
321,Kerwin Bell,1996,1996,0,CLT,NFL,1,0,5,5,100,75,1,0,,20,0,158.3,0,0,15,19,19,75,0,0,0,,
322,Michael Bishop,2000,2000,0,NWE,NFL,8,0,3,9,33.33,80,1,1,,11.1,11.11,64.4,0,0,8.89,6.11,6.11,10,0,0,0,,
323,Todd Blackledge,1989,1989,0,PIT,NFL,3,2,22,60,36.67,282,1,3,,1.7,5,36.9,4,25,4.7,2.78,2.22,94,1,1,0,,
324,Trevone Boykin,2016,2016,0,SEA,NFL,5,0,13,18,72.22,145,1,1,,5.6,5.56,91.2,1,5,8.06,6.67,6.05,29,,,,,
325,Jeff Brohm,1996,1997,1,SFO,NFL,8,0,37,58,63.79,353,1,1,1,1.7,1.72,79.2,7,47,6.09,5.66,4.32,44.1,0,0,0,1,1
326,Travis Brown,2000,2003,3,TOT,NFL,4,0,29,52,55.77,361,1,3,1,1.9,5.77,59.9,2,9,6.94,4.73,4.39,90.3,0,0,0,,
327,Matt Cavanaugh,1989,1991,2,TOT,NFL,13,0,3,5,60,33,1,1,,20,20,79.6,0,0,6.6,1.6,1.6,2.5,0,0,0,,
328,Connor Cook,2016,2016,0,RAI,NFL,1,0,14,21,66.67,150,1,1,,4.8,4.76,83.4,2,7,7.14,5.95,5.13,150,,,,,
329,Dennis Dixon,2008,2014,6,TOT,NFL,4,3,35,59,59.32,402,1,2,,1.7,3.39,71.4,5,41,6.81,5.63,4.55,100.5,2,1,0,0,1
330,Jim Druckenmiller,1997,1998,1,SFO,NFL,6,1,21,52,40.38,239,1,4,,1.9,7.69,29.2,4,32,4.6,1.52,0.84,39.8,1,0,0,1,1
331,David Fales,2014,2017,3,TOT,NFL,3,0,31,48,64.58,287,1,1,,2.1,2.08,79.1,2,13,5.98,5.46,4.98,95.7,,,,0,0
332,Joe Germaine,1999,1999,0,RAM,NFL,3,0,9,16,56.25,136,1,2,2,6.3,12.5,65.6,3,23,8.5,4.13,2.26,45.3,0,0,0,,
333,Chris Greisen,1999,2000,1,CRD,NFL,5,0,7,16,43.75,69,1,0,,6.3,0,77.3,3,24,4.31,5.56,3.42,13.8,0,0,0,,
334,Max Hall,2010,2010,0,CRD,NFL,6,3,39,78,50,370,1,6,2,1.3,7.69,35.7,14,90,4.74,1.54,0.33,61.7,1,2,0,0,1
335,Taylor Heinicke,2017,2018,1,TOT,NFL,7,1,36,58,62.07,330,1,3,,1.7,5.17,61.7,3,33,5.69,3.71,2.98,47.1,0,1,0,,
336,Drew Henson,2004,2008,4,TOT,NFL,9,1,11,20,55,98,1,1,1,5,5,64.2,5,51,4.9,3.65,0.88,10.9,1,0,0,,
337,Mark Herrmann,1989,1992,3,TOT,NFL,9,1,31,49,63.27,379,1,5,,2,10.2,54.3,4,27,7.73,3.55,2.77,42.1,1,0,0,,
338,Eric Kresser,1998,1998,0,CIN,NFL,2,0,10,21,47.62,164,1,2,,4.8,9.52,50.6,0,0,7.81,4.48,4.48,82,0,0,0,,
339,Babe Laufenberg,1989,1990,1,DAL,NFL,7,1,24,67,35.82,279,1,6,2,1.5,8.96,16.9,4,29,4.16,0.43,0,39.9,0,1,0,,
340,Matt Lytle,2000,2001,1,TOT,NFL,4,1,17,30,56.67,133,1,3,1,3.3,10,39.3,3,24,4.43,0.6,-0.18,33.3,0,1,0,,
341,Greg McElroy,2012,2012,0,NYJ,NFL,2,1,19,31,61.29,214,1,1,,3.2,3.23,79.2,11,71,6.9,6.1,2.81,107,0,1,0,1,1
342,Moses Moreno,1998,2000,2,TOT,NFL,9,3,51,103,49.51,485,1,2,,1,1.94,58.1,11,70,4.71,4.03,3.03,53.9,0,3,0,,
343,Bill Musgrave,1991,1996,5,TOT,NFL,12,1,43,69,62.32,402,1,2,,1.4,2.9,71,4,32,5.83,4.81,4.11,33.5,0,1,0,,
344,Ryan Nassib,2014,2015,1,NYG,NFL,5,0,9,10,90,128,1,0,,10,0,152.1,2,11,12.8,14.8,11.42,25.6,,,,,
345,Doug Nussmeier,1996,1997,1,NOR,NFL,5,2,46,82,56.1,455,1,4,,1.2,4.88,55.7,9,49,5.55,3.6,2.7,91,0,2,0,,
346,Steve Pelluer,1989,1990,1,KAN,NFL,18,3,28,52,53.85,315,1,1,,1.9,1.92,70.6,8,61,6.06,5.58,3.82,17.5,1,1,1,,
347,Tom Ramsey,1989,1989,0,CLT,NFL,7,1,24,50,48,280,1,1,1,2,2,63.7,4,26,5.6,5.1,4.24,40,0,1,0,1,0
348,Pat Ryan,1989,1991,2,TOT,NFL,11,1,25,56,44.64,251,1,7,,1.8,12.5,24.3,6,47,4.48,-0.79,-1.47,22.8,0,1,0,1,1
349,Matt Simms,2013,2014,1,NYJ,NFL,4,0,19,39,48.72,195,1,1,,2.6,2.56,61.4,4,23,5,4.36,3.42,48.8,,,,,
350,Brad Smith,2006,2014,8,TOT,NFL,127,24,4,10,40,51,1,2,,10,20,50.4,1,6,5.1,-1.9,-2.27,0.4,0,0,0,,
351,Nate Sudfeld,2017,2018,1,PHI,NFL,3,0,20,25,80,156,1,0,,4,0,106,3,24,6.24,7.04,5.43,52,,,,0,0
352,Alex Tanney,2012,2015,3,TOT,NFL,1,0,10,14,71.43,99,1,0,,7.1,0,114.9,3,34,7.07,8.5,5,99,0,0,,0,0
353,Logan Thomas,2014,2019,5,TOT,NFL,30,5,2,10,20,96,1,0,,10,0,100.4,2,11,9.6,11.6,8.75,3.2,,,,,
354,Gino Torretta,1993,1996,3,TOT,NFL,2,0,5,16,31.25,41,1,1,,6.3,6.25,35.4,3,17,2.56,1,-0.05,20.5,0,0,0,,
355,Jeff Tuel,2013,2014,1,BUF,NFL,2,1,26,59,44.07,309,1,3,2,1.7,5.08,45.1,2,11,5.24,3.29,3,154.5,0,1,0,0,0
356,Casey Weldon,1993,1999,6,TOT,NFL,26,0,60,120,50,713,1,4,,0.8,3.33,57.4,12,76,5.94,4.61,3.61,27.4,0,0,0,1,2
357,Doug Williams,1989,1989,0,WAS,NFL,4,2,51,93,54.84,585,1,3,,1.1,3.23,64.1,2,10,6.29,5.05,4.84,146.3,1,1,0,,
358,Spergon Wynn,2000,2001,1,TOT,NFL,10,3,70,152,46.05,585,1,7,1,0.7,4.61,39.5,23,154,3.85,1.91,0.78,58.5,0,3,0,,
359,David Archer,1989,1989,0,SDG,NFL,16,0,5,12,41.67,62,0,1,,0,8.33,23.6,2,12,5.17,1.42,0.36,3.9,0,0,0,,
360,Pat Barnes,1999,1999,0,SFO,NFL,1,0,0,0,,0,0,0,,,,,0,0,,,,0,0,0,0,,
361,Dave Barr,1995,1995,0,RAM,NFL,2,0,5,9,55.56,42,0,0,,0,0,67.8,1,4,4.67,4.67,3.8,21,0,0,0,,
362,Brett Basanez,2006,2006,0,CAR,NFL,1,0,6,11,54.55,56,0,1,,0,9.09,30.9,0,0,5.09,1,1,56,0,0,0,,
363,Brock Berlin,2007,2008,1,RAM,NFL,2,1,18,31,58.06,159,0,1,,0,3.23,58.4,0,0,5.13,3.68,3.68,79.5,0,1,0,,
364,Matt Blanchard,2012,2014,2,TOT,NFL,0,,0,0,,0,0,0,,,,,0,0,,,,,0,0,,0,0
365,Matt Blundin,1993,1997,4,TOT,NFL,3,0,2,9,22.22,15,0,2,1,0,22.22,0,0,0,1.67,-8.33,-8.33,5,0,0,0,,
366,Tom Brandstater,2011,2011,0,RAM,NFL,1,0,0,2,0,0,0,0,,0,0,39.6,0,0,0,0,0,0,,,,,
367,Tyler Bray,2014,2017,3,KAN,NFL,1,0,0,1,0,0,0,0,,0,0,39.6,0,0,0,0,0,0,,,,0,0
368,Brian Brohm,2009,2010,1,BUF,NFL,3,2,27,52,51.92,252,0,5,1,0,9.62,26,5,13,4.85,0.52,0.25,84,0,2,0,,
369,Levi Brown,2010,2010,0,BUF,NFL,1,0,2,3,66.67,24,0,1,,0,33.33,51.4,0,0,8,-7,-7,24,0,0,0,,
370,Joe Callahan,2017,2017,0,GNB,NFL,1,0,5,7,71.43,11,0,0,,0,0,74.1,0,0,1.57,1.57,1.57,11,,,,,
371,Rudy Carpenter,2011,2011,0,TAM,NFL,1,0,0,0,,0,0,0,,,,,0,0,,,,0,,,,,
372,Mike Cherry,1997,1998,1,NYG,NFL,2,0,0,1,0,0,0,0,,0,0,39.6,1,9,0,0,-4.5,0,0,0,0,,
373,Chuck Clements,1997,1997,0,NYJ,NFL,1,0,0,0,,0,0,0,,,,,0,0,,,,0,0,0,0,,
374,B.J. Coleman,2012,2012,0,GNB,NFL,,,0,0,,0,0,0,,,,,0,0,,,,,,,,0,0
375,Scott Covington,1999,2002,3,TOT,NFL,4,1,6,10,60,30,0,0,,0,0,64.6,2,16,3,3,1.17,7.5,1,0,0,,
376,Dameyune Craig,2000,2001,1,CAR,NFL,6,0,4,8,50,34,0,0,,0,0,61.5,2,15,4.25,4.25,1.9,5.7,0,0,0,,
377,B.J. Daniels,2014,2015,1,TOT,NFL,8,0,1,2,50,7,0,0,,0,0,58.3,0,0,3.5,3.5,3.5,0.9,,,,0,0
378,Rohan Davey,2002,2004,2,NWE,NFL,7,0,8,19,42.11,88,0,0,,0,0,56.5,0,0,4.63,4.63,4.63,12.6,0,0,0,,
379,Dominique Davis,2012,2014,2,TOT,NFL,2,0,5,7,71.43,34,0,0,,0,0,81.8,0,0,4.86,4.86,4.86,17,0,0,,0,0
380,Joshua Dobbs,2018,2018,0,PIT,NFL,5,0,6,12,50,43,0,1,,0,8.33,24,0,0,3.58,-0.17,-0.17,8.6,,,,,
381,Zac Dysert,2014,2014,0,DEN,NFL,0,,0,0,,0,0,0,,,,,0,0,,,,,,,,0,0
382,Mike Elkins,1989,1989,0,KAN,NFL,1,0,1,2,50,5,0,1,,0,50,16.7,0,0,2.5,-20,-20,5,0,0,0,,
383,Luke Falk,2019,2019,0,NYJ,NFL,2,1,32,47,68.09,296,0,1,,0,2.13,76.2,7,44,6.3,5.34,3.83,148,0,1,0,,
384,Randy Fasani,2002,2002,0,CAR,NFL,4,1,15,44,34.09,171,0,4,,0,9.09,8.8,7,60,3.89,-0.2,-1.35,42.8,0,1,0,,
385,Jeff Francis,1990,1990,0,CLE,NFL,1,0,2,2,100,26,0,0,,0,0,118.7,0,0,13,13,13,26,0,0,0,,
386,Garrett Gilbert,2014,2018,4,TOT,NFL,1,0,2,3,66.67,40,0,0,,0,0,109.7,1,5,13.33,13.33,8.75,40,,,,0,0
387,Brad Goebel,1991,1994,3,TOT,NFL,7,2,32,59,54.24,299,0,6,,0,10.17,28.8,6,37,5.07,0.49,-0.12,42.7,0,2,0,,
388,Pete Gonzalez,1999,1999,0,PIT,NFL,1,0,1,1,100,8,0,0,,0,0,100,0,0,8,8,8,8,0,0,0,,
389,Garrett Grayson,2015,2015,0,NOR,NFL,1,0,0,0,,0,0,0,,,,,0,0,,,,0,,,,,
390,Ryan Griffin,2014,2014,0,NOR,NFL,0,,0,0,,0,0,0,,,,,0,0,,,,,,,,0,0
391,Matt Gutierrez,2007,2009,2,TOT,NFL,6,0,2,2,100,18,0,0,,0,0,104.2,0,0,9,9,9,3,0,0,0,,
392,Andy Hall,2005,2005,0,PHI,NFL,1,0,0,0,,0,0,0,,,,,0,0,,,,0,0,0,0,,
393,Gibran Hamdan,2003,2003,0,WAS,NFL,1,0,1,2,50,7,0,0,,0,0,58.3,1,2,3.5,3.5,1.67,7,0,0,0,,
394,Joe Hamilton,2000,2000,0,TAM,NFL,1,0,0,0,,0,0,0,,,,,1,1,,,-1,0,0,0,0,,
395,Chandler Harnish,2012,2014,2,TOT,NFL,0,,0,0,,0,0,0,,,,,0,0,,,,,0,0,,0,0
396,Graham Harrell,2012,2012,0,GNB,NFL,4,0,2,4,50,20,0,0,,0,0,64.6,0,0,5,5,5,5,0,0,,,
397,Mark Hartsell,2000,2000,0,CHI,NFL,1,0,0,1,0,0,0,0,,0,0,39.6,0,0,0,0,0,0,0,0,0,,
398,Dwayne Haskins,2019,2019,0,WAS,NFL,1,0,9,17,52.94,107,0,3,,0,17.65,32.8,2,21,6.29,-1.65,-2.58,107,,,,,
399,Rusty Hilger,1991,1991,0,CLT,NFL,1,0,0,1,0,0,0,0,,0,0,39.6,0,0,0,0,0,0,0,0,0,,
400,Taysom Hill,2017,2019,2,NOR,NFL,25,4,3,7,42.86,64,0,1,,0,14.29,36.3,1,3,9.14,2.71,2,2.6,,,,,
401,Eric Hipple,1989,1989,0,DET,NFL,1,1,7,18,38.89,90,0,3,2,0,16.67,15.7,5,26,5,-2.5,-3.09,90,0,1,0,,
402,Todd Husak,2000,2000,0,WAS,NFL,1,0,2,2,100,-2,0,0,,0,0,79.2,0,0,-1,-1,-1,-2,0,0,0,,
403,Jarious Jackson,2000,2003,3,DEN,NFL,5,1,11,22,50,114,0,1,,0,4.55,46.4,2,11,5.18,3.14,2.42,22.8,0,1,0,,
404,Cardale Jones,2016,2016,0,BUF,NFL,1,0,6,11,54.55,96,0,1,,0,9.09,46,1,2,8.73,4.64,4.08,96,,,,,
405,Mike Kafka,2011,2014,3,TOT,NFL,4,0,11,16,68.75,107,0,2,,0,12.5,47.7,1,6,6.69,1.06,0.65,26.8,,,,0,0
406,Chad Kelly,2018,2018,0,DEN,NFL,1,0,0,0,,0,0,0,,,,,0,0,,,,0,,,,,
407,Kliff Kingsbury,2005,2005,0,NYJ,NFL,1,0,1,2,50,17,0,0,,0,0,79.2,0,0,8.5,8.5,8.5,17,0,0,0,,
408,G.J. Kinne,2014,2014,0,PHI,NFL,0,,0,0,,0,0,0,,,,,0,0,,,,,,,,0,0
409,Perry Klein,1994,1994,0,ATL,NFL,2,0,0,1,0,0,0,0,,0,0,39.6,2,9,0,0,-3,0,0,0,0,,
410,Craig Kupp,1991,1991,0,CRD,NFL,1,0,3,7,42.86,23,0,0,,0,0,51.5,2,23,3.29,3.29,0,23,0,0,0,,
411,Kyle Lauletta,2018,2018,0,NYG,NFL,2,0,0,5,0,0,0,1,,0,20,0,0,0,0,-9,-9,0,,,,,
412,Jeff Lewis,1996,2000,4,TOT,NFL,12,0,28,54,51.85,210,0,2,1,0,3.7,46.1,10,71,3.89,2.22,0.77,17.5,0,0,0,,
413,Seth Lobato,2014,2014,0,MIA,NFL,0,,0,0,,0,0,0,,,,,0,0,,,,,,,,0,0
414,Chuck Long,1989,1991,2,TOT,NFL,5,0,3,10,30,46,0,0,,0,0,46.2,0,0,4.6,4.6,4.6,9.2,0,0,0,,
415,Jared Lorenzen,2006,2007,1,NYG,NFL,4,0,4,8,50,28,0,0,,0,0,58.3,1,5,3.5,3.5,2.56,7,0,0,0,,
416,Kyle Mackey,1989,1989,0,NYJ,NFL,4,1,11,25,44,125,0,1,,0,4,42.9,3,18,5,3.2,2.21,31.3,0,1,0,,
417,Mark Malone,1989,1989,0,NYJ,NFL,1,0,2,2,100,13,0,0,,0,0,93.7,0,0,6.5,6.5,6.5,13,0,0,0,,
418,Sean Mannion,2015,2019,4,TOT,NFL,11,1,33,53,62.26,258,0,1,1,0,1.89,66.4,3,20,4.87,4.02,3.45,23.5,0,1,0,,
419,Ingle Martin,2006,2006,0,GNB,NFL,1,0,0,0,,0,0,0,,,,,0,0,,,,0,0,0,0,,
420,Tee Martin,2001,2003,2,TOT,NFL,3,0,6,16,37.5,69,0,1,,0,6.25,25.3,1,5,4.31,1.5,1.12,23,0,0,0,,
421,Steve Matthews,1997,1998,1,TOT,NFL,3,1,28,43,65.12,299,0,0,,0,0,85.3,1,0,6.95,6.95,6.8,99.7,1,0,0,,
422,Matt Mauck,2005,2005,0,OTI,NFL,2,1,15,27,55.56,136,0,1,,0,3.7,53.9,1,8,5.04,3.37,2.96,68,0,1,0,,
423,Scott Milanovich,1996,1996,0,TAM,NFL,1,0,2,3,66.67,9,0,0,,0,0,70.1,0,0,3,3,3,9,0,0,0,,
424,Shawn Moore,1992,1992,0,DEN,NFL,3,0,17,34,50,232,0,3,,0,8.82,35.4,6,50,6.82,2.85,1.18,77.3,0,0,0,,
425,Stephen Morris,2014,2014,0,JAX,NFL,0,,0,0,,0,0,0,,,,,0,0,,,,,,,,0,0
426,Tyler Murphy,2015,2015,0,PIT,NFL,2,0,0,0,,0,0,0,,,,,0,0,,,,0,,,,,
427,Aaron Murray,2014,2014,0,KAN,NFL,0,,0,0,,0,0,0,,,,,0,0,,,,,,,,0,0
428,Kevin O'Connell,2008,2008,0,NWE,NFL,2,0,4,6,66.67,23,0,0,,0,0,73.6,1,2,3.83,3.83,3,11.5,0,0,0,,
429,Jordan Palmer,2008,2014,6,TOT,NFL,5,0,11,18,61.11,66,0,2,1,0,11.11,28.7,4,31,3.67,-1.33,-2.5,13.2,0,0,0,0,0
430,Cody Pickett,2004,2005,1,SFO,NFL,6,2,18,45,40,195,0,4,,0,8.89,16.4,5,30,4.33,0.33,-0.3,32.5,0,2,0,,
431,Tony Pike,2010,2010,0,CAR,NFL,1,0,6,12,50,47,0,0,,0,0,60.1,1,10,3.92,3.92,2.85,47,0,0,0,,
432,Mike Quinn,1997,1998,1,TOT,NFL,4,0,2,3,66.67,20,0,0,,0,0,85.4,0,0,6.67,6.67,6.67,5,0,0,0,,
433,Dave Ragone,2003,2003,0,HTX,NFL,2,2,20,40,50,135,0,1,,0,2.5,47.4,8,39,3.38,2.25,1.06,67.5,0,2,0,,
434,Sean Renfree,2014,2015,1,ATL,NFL,2,0,3,7,42.86,11,0,1,,0,14.29,10.7,2,17,1.57,-4.86,-5.67,5.5,,,,0,0
435,Wally Richardson,1998,1998,0,RAV,NFL,1,0,1,2,50,1,0,0,,0,0,56.2,0,0,0.5,0.5,0.5,1,0,0,0,,
436,James Ritchey,1997,1997,0,OTI,NFL,1,0,2,2,100,15,0,0,,0,0,97.9,1,9,7.5,7.5,2,15,0,0,0,,
437,Jeff Rowe,2007,2007,0,CIN,NFL,2,0,0,0,,0,0,0,,,,,0,0,,,,0,0,0,0,,
438,Jake Rudock,2017,2017,0,DET,NFL,3,0,3,5,60,24,0,1,1,0,20,32.5,0,0,4.8,-4.2,-4.2,8,,,,,
439,Cooper Rush,2017,2019,2,DAL,NFL,4,0,1,3,33.33,2,0,0,,0,0,42.4,0,0,0.67,0.67,0.67,0.5,,,,,
440,Tony Sacca,1992,1992,0,CRD,NFL,2,0,4,11,36.36,29,0,2,,0,18.18,5.3,0,0,2.64,-5.55,-5.55,14.5,0,0,0,,
441,Cory Sauter,2002,2002,0,CHI,NFL,1,0,6,9,66.67,59,0,0,,0,0,85,4,20,6.56,6.56,3,59,0,0,0,,
442,Turk Schonert,1989,1989,0,CIN,NFL,7,1,0,2,0,0,0,0,,0,0,39.6,2,27,0,0,-6.75,0,1,0,0,,
443,Connor Shaw,2014,2014,0,CLE,NFL,1,1,14,28,50,177,0,1,,0,3.57,55.2,4,27,6.32,4.71,3.28,177,0,1,0,,
444,Rusty Smith,2010,2012,2,OTI,NFL,3,1,23,45,51.11,234,0,4,,0,8.89,29.3,1,0,5.2,1.2,1.17,78,0,1,0,,
445,Brad Sorensen,2014,2014,0,2TM,NFL,0,,0,0,,0,0,0,,,,,0,0,,,,,,,,0,0
446,Nick Stephens,2012,2012,0,DAL,NFL,,,0,0,,0,0,0,,,,,0,0,,,,,0,0,,0,0
447,Jarrett Stidham,2019,2019,0,NWE,NFL,1,0,2,3,66.67,14,0,1,,0,33.33,37.5,1,7,4.67,-10.33,-9.5,14,,,,,
448,Cliff Stoudt,1989,1989,0,MIA,NFL,3,0,0,0,,0,0,0,,,,,0,0,,,,0,0,0,0,0,0
449,Rick Strom,1989,1991,2,PIT,NFL,10,0,14,22,63.64,162,0,1,,0,4.55,66.9,5,29,7.36,5.32,3.26,16.2,0,0,0,0,0
450,Kevin Thompson,2000,2000,0,CLE,NFL,1,0,1,1,100,8,0,0,,0,0,100,0,0,8,8,8,8,0,0,0,,
451,Bradlee Van Pelt,2005,2005,0,DEN,NFL,3,0,2,8,25,7,0,0,,0,0,39.6,0,0,0.88,0.88,0.88,2.3,0,0,0,,
452,Dustin Vaughan,2014,2014,0,DAL,NFL,0,,0,0,,0,0,0,,,,,0,0,,,,,,,,0,0
453,Marcus Vick,2006,2006,0,MIA,NFL,1,0,0,0,,0,0,0,,,,,0,0,,,,0,0,0,0,,
454,Jay Walker,1996,1997,1,MIN,NFL,1,0,2,2,100,31,0,0,,0,0,118.7,0,0,15.5,15.5,15.5,31,0,0,0,,
455,Keith Wenning,2014,2014,0,RAV,NFL,0,,0,0,,0,0,0,,,,,0,0,,,,,,,,0,0
456,Pat White,2009,2009,0,MIA,NFL,13,0,0,5,0,0,0,0,,0,0,39.6,1,9,0,0,-1.5,0,0,0,0,,
457,Tory Woodbury,2001,2002,1,NYJ,NFL,12,0,0,0,,0,0,0,,,,,0,0,,,,0,0,0,0,,
