Rk,Player,From,To,No of Season,Tm,Lg,G,GS,Tgt,Rec,Yds,Y/R,TD,Y/G,Ctch%,Y/Tgt
1,Tony Gonzalez*,1997,2013,17,TOT,NFL,270,254,2012,1325,15127,11.42,111,56,65.90%,7.52
2,Jason Witten,2003,2019,17,DAL,NFL,243,233,1636,1166,12592,10.8,70,51.8,71.30%,7.7
3,Antonio Gates,2003,2018,16,SDG,NFL,236,190,1459,955,11841,12.4,116,50.2,65.50%,8.12
4,Shannon Sharpe*,1990,2003,14,TOT,NFL,204,169,1197,815,10060,12.34,62,49.3,,
5,Greg Olsen,2007,2019,13,TOT,NFL,178,152,1111,684,8073,11.8,59,45.4,61.60%,7.27
6,Rob Gronkowski,2010,2018,9,NWE,NFL,115,100,794,521,7861,15.09,79,68.4,65.60%,9.9
7,Vernon Davis,2006,2019,14,TOT,NFL,198,179,928,583,7562,12.97,63,38.2,62.80%,8.15
8,Jimmy Graham,2010,2019,10,TOT,NFL,141,102,965,620,7527,12.14,73,53.4,64.20%,7.8
9,Heath Miller,2005,2015,11,PIT,NFL,168,167,825,592,6569,11.1,45,39.1,71.80%,7.96
10,Jeremy Shockey,2002,2011,10,TOT,NFL,136,129,884,547,6143,11.23,37,45.2,61.90%,6.95
11,Ben Watson,2004,2018,15,TOT,NFL,195,135,836,530,5885,11.1,44,30.2,63.40%,7.04
12,Todd Heap,2001,2012,12,TOT,NFL,145,131,817,499,5869,11.76,42,40.5,61.10%,7.18
13,Delanie Walker,2006,2019,14,TOT,NFL,180,99,782,500,5835,11.67,36,32.4,63.90%,7.46
14,Dallas Clark,2003,2013,11,TOT,NFL,143,118,776,505,5665,11.22,53,39.6,65.10%,7.3
15,Owen Daniels,2006,2015,10,TOT,NFL,131,125,758,479,5661,11.82,36,43.2,63.20%,7.47
16,Travis Kelce,2013,2019,7,KAN,NFL,84,77,612,434,5605,12.91,33,66.7,70.90%,9.16
17,Ben Coates,1991,2000,10,TOT,NFL,158,114,786,499,5555,11.13,50,35.2,,
18,Jared Cook,2009,2019,11,TOT,NFL,153,79,729,433,5554,12.83,25,36.3,59.40%,7.62
19,Wesley Walls,1989,2003,15,TOT,NFL,196,116,746,450,5291,11.76,54,27,,
20,Kellen Winslow,2004,2013,10,TOT,NFL,105,83,759,469,5236,11.16,25,49.9,61.80%,6.9
21,Frank Wycheck,1993,2003,11,TOT,NFL,155,135,740,505,5126,10.15,28,33.1,68.20%,6.93
22,Brent Jones,1989,1997,9,SFO,NFL,128,125,426,407,5103,12.54,31,39.9,,
23,Zach Ertz,2013,2019,7,PHI,NFL,95,60,668,461,5082,11.02,29,53.5,69.00%,7.61
24,Brent Celek,2007,2017,11,PHI,NFL,175,132,617,398,4998,12.56,31,28.6,64.50%,8.1
25,Alge Crumpler,2001,2010,10,TOT,NFL,155,132,632,373,4743,12.72,39,30.6,59.00%,7.5
26,Keith Byars,1989,1998,10,TOT,NFL,147,128,428,506,4735,9.36,26,32.2,,
27,Chris Cooley,2004,2012,9,WAS,NFL,117,103,669,429,4711,10.98,33,40.3,64.10%,7.04
28,Marcedes Lewis,2006,2019,14,TOT,NFL,190,164,667,383,4593,11.99,33,24.2,57.40%,6.89
29,Martellus Bennett,2008,2017,10,TOT,NFL,144,107,638,433,4573,10.56,30,31.8,67.90%,7.17
30,Randy McMichael,2002,2012,11,TOT,NFL,164,150,703,426,4539,10.65,24,27.7,60.60%,6.46
31,Keith Jackson,1989,1996,8,TOT,NFL,113,90,319,360,4414,12.26,43,39.1,,
32,Jackie Harris,1990,2001,12,TOT,NFL,167,116,562,393,4410,11.22,25,26.4,,
33,Eric Green,1990,1999,10,TOT,NFL,120,103,472,362,4390,12.13,36,36.6,,
34,Marcus Pollard,1995,2008,14,TOT,NFL,192,135,529,349,4280,12.26,40,22.3,66.00%,8.09
35,Freddie Jones,1997,2004,8,TOT,NFL,123,112,701,404,4232,10.48,22,34.4,57.60%,6.04
36,Ken Dilger,1995,2004,10,TOT,NFL,156,150,516,356,4099,11.51,24,26.3,69.00%,7.94
37,Tony McGee,1993,2003,11,TOT,NFL,156,150,539,322,4089,12.7,21,26.2,59.70%,7.59
38,Kyle Rudolph,2011,2019,9,MIN,NFL,116,108,587,391,3819,9.77,41,32.9,66.60%,6.51
39,Zach Miller,2007,2014,8,TOT,NFL,110,106,505,328,3804,11.6,20,34.6,65.00%,7.53
40,Jay Novacek,1989,1995,7,TOT,NFL,111,89,323,362,3801,10.5,23,34.2,,
41,Jermaine Gresham,2010,2018,9,TOT,NFL,132,118,567,377,3752,9.95,29,28.4,66.50%,6.62
42,Charles Clay,2011,2019,9,TOT,NFL,116,101,524,343,3654,10.65,23,31.5,65.50%,6.97
43,Desmond Clark,1999,2010,12,TOT,NFL,162,105,543,323,3591,11.12,27,22.2,59.50%,6.61
44,Kyle Brady,1995,2007,13,TOT,NFL,197,175,558,343,3519,10.26,25,17.9,61.50%,6.31
45,Jordan Reed,2013,2018,6,WAS,NFL,65,36,446,329,3371,10.25,24,51.9,73.80%,7.56
46,Anthony Fasano,2006,2017,12,TOT,NFL,180,135,474,299,3278,10.96,36,18.2,63.10%,6.92
47,Tony Scheffler,2006,2013,8,TOT,NFL,107,42,425,258,3207,12.43,22,30,60.70%,7.55
48,Coby Fleener,2012,2017,6,TOT,NFL,87,53,422,255,3080,12.08,22,35.4,60.40%,7.3
49,Rickey Dudley,1996,2004,9,TOT,NFL,108,87,403,221,3024,13.68,33,28,54.80%,7.5
50,Brandon Pettigrew,2009,2015,7,DET,NFL,93,85,486,301,2965,9.85,17,31.9,61.90%,6.1
51,Eric Ebron,2014,2019,6,TOT,NFL,76,45,414,260,2948,11.34,26,38.8,62.80%,7.12
52,Pete Mitchell,1995,2002,8,TOT,NFL,114,63,420,279,2885,10.34,15,25.3,66.40%,6.87
53,Dustin Keller,2008,2012,5,NYJ,NFL,72,48,411,241,2876,11.93,17,39.9,58.60%,7
54,Jermichael Finley,2008,2013,6,GNB,NFL,70,48,323,223,2785,12.49,20,39.8,69.00%,8.62
55,Steve Jordan,1989,1994,6,MIN,NFL,80,72,121,224,2739,12.23,11,34.2,,
56,Visanthe Shiancoe,2003,2013,11,TOT,NFL,149,90,394,245,2679,10.93,27,18,62.20%,6.8
57,Troy Drayton,1993,2000,8,TOT,NFL,122,91,351,243,2645,10.88,24,21.7,69.20%,7.54
58,Jacob Tamme,2008,2016,9,TOT,NFL,130,36,389,259,2570,9.92,14,19.8,66.60%,6.61
59,L.J. Smith,2003,2009,7,TOT,NFL,98,65,392,233,2556,10.97,18,26.1,59.40%,6.52
60,Lance Kendricks,2011,2019,9,TOT,NFL,127,92,394,244,2555,10.47,19,20.1,61.90%,6.48
61,Christian Fauria,1995,2007,13,TOT,NFL,191,122,385,252,2529,10.04,22,13.2,65.50%,6.57
62,Jay Riemersma,1997,2004,8,TOT,NFL,112,73,352,221,2524,11.42,23,22.5,62.80%,7.17
63,Stephen Alexander,1998,2006,9,TOT,NFL,118,99,429,247,2519,10.2,14,21.3,57.60%,5.87
64,Daniel Graham,2002,2012,11,TOT,NFL,148,117,361,224,2490,11.12,25,16.8,62.00%,6.9
65,Rodney Holman,1989,1995,7,TOT,NFL,111,84,102,194,2485,12.81,20,22.4,,
66,Andrew Glover,1991,2000,10,TOT,NFL,154,82,339,208,2478,11.91,24,16.1,,
67,Julius Thomas,2011,2017,7,TOT,NFL,71,55,352,226,2406,10.65,36,33.9,64.20%,6.84
68,Bo Scaife,2005,2010,6,OTI,NFL,90,62,396,251,2383,9.49,12,26.5,63.40%,6.02
69,Scott Chandler,2007,2015,9,TOT,NFL,90,39,316,205,2379,11.6,21,26.4,64.90%,7.53
70,Chad Lewis,1997,2005,9,TOT,NFL,116,77,378,229,2361,10.31,23,20.4,60.60%,6.25
71,Bubba Franks,2000,2008,9,TOT,NFL,122,98,405,262,2347,8.96,32,19.2,64.70%,5.8
72,Gary Barnidge,2008,2016,9,TOT,NFL,124,54,287,178,2258,12.69,14,18.2,62.00%,7.87
73,John Carlson,2008,2014,7,TOT,NFL,90,64,338,210,2256,10.74,15,25.1,62.10%,6.67
74,Mark Chmura,1993,1999,7,GNB,NFL,89,62,287,188,2253,11.98,17,25.3,65.50%,7.85
75,Billy Miller,1999,2008,10,TOT,NFL,114,36,315,200,2248,11.24,10,19.7,63.50%,7.14
76,Jerramy Stevens,2002,2010,9,TOT,NFL,121,41,341,202,2217,10.98,22,18.3,59.20%,6.5
77,Howard Cross,1989,2001,13,NYG,NFL,207,171,294,201,2194,10.92,17,10.6,,
78,Marv Cook,1989,1995,7,TOT,NFL,112,76,187,257,2190,8.52,13,19.6,,
79,Ernie Conwell,1996,2006,11,TOT,NFL,125,91,330,203,2188,10.78,15,17.5,61.50%,6.63
80,Eric Johnson,2001,2007,7,TOT,NFL,71,59,358,240,2178,9.08,9,30.7,67.00%,6.08
81,David Sloan,1995,2003,9,TOT,NFL,110,80,333,192,2151,11.2,15,19.6,57.70%,6.46
82,Ernest Wilford,2004,2010,7,TOT,NFL,87,44,286,156,2145,13.75,15,24.7,54.50%,7.5
83,Jermaine Wiggins,2000,2006,7,TOT,NFL,107,44,335,236,2141,9.07,14,20,70.40%,6.39
84,Ethan Horton,1989,1994,6,TOT,NFL,96,78,173,181,2131,11.77,15,22.2,,
85,Ed Dickson,2010,2018,9,TOT,NFL,134,86,311,190,2128,11.2,15,15.9,61.10%,6.84
86,Johnny Mitchell,1992,1996,5,TOT,NFL,57,43,295,159,2103,13.23,16,36.9,53.90%,7.13
87,Dennis Pitta,2010,2016,7,RAV,NFL,66,23,330,224,2098,9.37,13,31.8,67.90%,6.36
88,Pete Metzelaars,1989,1997,9,TOT,NFL,141,92,287,234,2089,8.93,23,14.8,,
89,George Kittle,2017,2019,3,SFO,NFL,34,26,220,148,2057,13.9,7,60.5,67.30%,9.35
90,Byron Chamberlain,1995,2003,9,TOT,NFL,106,25,250,167,2048,12.26,6,19.3,66.80%,8.19
91,Jordan Cameron,2011,2016,6,TOT,NFL,66,50,300,173,2046,11.83,14,31,57.70%,6.82
92,Fred Davis,2008,2013,6,WAS,NFL,72,43,253,162,2043,12.61,13,28.4,64.00%,8.08
93,Kevin Boss,2007,2012,6,TOT,NFL,74,58,251,150,2033,13.55,22,27.5,59.80%,8.1
94,Dave Moore,1992,2006,15,TOT,NFL,220,107,336,207,2028,9.8,28,9.2,61.60%,6.04
95,Donald Lee,2003,2011,9,TOT,NFL,133,68,299,209,1990,9.52,19,15,69.90%,6.66
96,Aaron Hernandez,2010,2012,3,NWE,NFL,38,29,260,175,1956,11.18,18,51.5,67.30%,7.52
97,Brandon Myers,2009,2016,8,TOT,NFL,115,63,293,199,1954,9.82,9,17,67.90%,6.67
98,Mikhael Ricks,1998,2003,6,TOT,NFL,82,43,327,155,1939,12.51,8,23.6,47.40%,5.93
99,Cameron Brate,2014,2019,6,TAM,NFL,70,24,247,168,1906,11.35,24,27.2,68.00%,7.72
100,Ron Hall,1989,1995,7,TOT,NFL,94,89,145,175,1885,10.77,9,20.1,,
101,Jack Doyle,2013,2019,7,CLT,NFL,88,46,276,211,1837,8.71,15,20.9,76.40%,6.66
102,Tyler Eifert,2013,2019,7,CIN,NFL,47,32,224,153,1797,11.75,22,38.2,68.30%,8.02
103,Irv Smith,1993,1999,7,TOT,NFL,95,76,282,183,1788,9.77,15,18.8,64.90%,6.34
104,Ed West,1989,1997,9,TOT,NFL,135,92,165,159,1780,11.19,17,13.2,,
105,Derrick Walker,1990,1999,10,TOT,NFL,129,86,223,180,1770,9.83,9,13.7,,
106,Joel Dreessen,2005,2013,9,TOT,NFL,120,49,233,158,1767,11.18,19,14.7,67.80%,7.58
107,Reggie Kelly,1999,2011,13,TOT,NFL,184,149,289,195,1767,9.06,5,9.6,67.50%,6.11
108,Austin Hooper,2016,2019,4,ATL,NFL,50,21,213,167,1764,10.56,12,35.3,78.40%,8.28
109,Chris Baker,2002,2010,9,TOT,NFL,131,71,249,168,1763,10.49,15,13.5,67.50%,7.08
110,Vance McDonald,2013,2019,7,TOT,NFL,76,54,227,138,1752,12.7,14,23.1,60.80%,7.72
111,Erron Kinney,2000,2005,6,OTI,NFL,83,67,256,178,1750,9.83,10,21.1,69.50%,6.84
112,Itula Mili,1998,2006,9,SEA,NFL,114,42,253,164,1743,10.63,13,15.3,64.80%,6.89
113,Dwayne Carswell,1994,2005,12,DEN,NFL,163,82,303,192,1707,8.89,15,10.5,63.40%,5.63
114,Steve Heiden,1999,2009,11,TOT,NFL,148,83,303,201,1689,8.4,14,11.4,66.30%,5.57
115,Jim Kleinsasser,1999,2011,13,MIN,NFL,181,130,276,192,1688,8.79,6,9.3,69.60%,6.12
116,Mark Bavaro,1989,1994,6,TOT,NFL,66,65,140,140,1682,12.01,19,25.5,,
117,Brian Kinchen,1989,2003,15,TOT,NFL,177,66,238,159,1645,10.35,7,9.3,,
118,Zach Miller,2009,2017,9,TOT,NFL,66,33,205,146,1631,11.17,15,24.7,71.20%,7.96
119,Evan Engram,2017,2019,3,NYG,NFL,30,22,216,136,1630,11.99,11,54.3,63.00%,7.55
120,Lonnie Johnson,1994,1999,6,TOT,NFL,88,66,269,163,1587,9.74,6,18,60.60%,5.9
121,Dwayne Allen,2012,2018,7,TOT,NFL,86,72,225,139,1564,11.25,20,18.2,61.80%,6.95
122,David Martin,2001,2011,11,TOT,NFL,120,52,239,159,1562,9.82,15,13,66.50%,6.54
123,Ryan Wetnight,1993,2000,8,TOT,NFL,101,19,278,175,1542,8.81,9,15.3,62.90%,5.55
124,Anthony Becht,2000,2011,12,TOT,NFL,167,132,298,188,1537,8.18,21,9.2,63.10%,5.16
125,Ryan Griffin,2013,2019,7,TOT,NFL,80,39,227,140,1506,10.76,7,18.8,61.70%,6.63
126,Cam Cleeland,1998,2005,8,TOT,NFL,89,54,212,131,1478,11.28,13,16.6,61.80%,6.97
127,Alex Smith,2005,2015,11,TOT,NFL,124,57,265,163,1473,9.04,13,11.9,61.50%,5.56
128,Kerry Cash,1991,1996,6,TOT,NFL,71,60,228,132,1427,10.81,9,20.1,,
129,Kris Mangum,1997,2006,10,CAR,NFL,126,61,252,151,1424,9.43,9,11.3,59.90%,5.65
130,Jamie Asher,1995,1998,4,WAS,NFL,48,34,243,133,1421,10.68,5,29.6,54.70%,5.85
131,Mychal Rivera,2013,2016,4,RAI,NFL,61,15,230,146,1413,9.68,10,23.2,63.50%,6.14
132,Ladarius Green,2012,2016,5,TOT,NFL,53,28,156,95,1391,14.64,8,26.2,60.90%,8.92
133,Eric Bjornson,1995,2000,6,TOT,NFL,82,41,218,147,1384,9.41,6,16.9,67.40%,6.35
134,Keith McKeller,1989,1993,5,BUF,NFL,67,44,20,115,1384,12.03,11,20.7,,
135,Mark Campbell,1999,2008,10,TOT,NFL,111,77,231,146,1356,9.29,12,12.2,63.20%,5.87
136,Daniel Fells,2008,2015,8,TOT,NFL,89,40,179,114,1334,11.7,12,15,63.70%,7.45
137,Mark Bruener,1995,2008,14,TOT,NFL,188,139,271,152,1333,8.77,18,7.1,56.10%,4.92
138,Jeff King,2006,2012,7,TOT,NFL,108,84,246,156,1323,8.48,12,12.3,63.40%,5.38
139,Ferrell Edmunds,1989,1994,6,TOT,NFL,73,66,75,115,1319,11.47,9,18.1,,
140,Doug Jolley,2002,2006,5,TOT,NFL,74,32,191,120,1303,10.86,6,17.6,62.80%,6.82
141,Robert Royal,2003,2010,8,TOT,NFL,110,81,233,128,1271,9.93,14,11.6,54.90%,5.45
142,Matt Schobel,2002,2008,7,TOT,NFL,99,24,168,117,1270,10.85,12,12.8,69.60%,7.56
143,Pete Holohan,1989,1992,4,TOT,NFL,57,20,25,133,1268,9.53,6,22.2,,
144,Luke Willson,2013,2019,7,TOT,NFL,88,46,159,105,1252,11.92,11,14.2,66.00%,7.87
145,Jeb Putzier,2002,2008,7,TOT,NFL,69,17,154,96,1251,13.03,3,18.1,62.30%,8.12
146,Trey Burton,2014,2019,6,TOT,NFL,80,24,182,125,1239,9.91,12,15.5,68.70%,6.81
147,Jesse James,2015,2019,5,TOT,NFL,60,38,180,125,1235,9.88,9,20.6,69.40%,6.86
148,Dante Rosario,2007,2014,8,TOT,NFL,122,33,199,116,1235,10.65,8,10.1,58.30%,6.21
149,Legedu Naanee,2007,2012,6,TOT,NFL,73,21,180,108,1232,11.41,4,16.9,60.00%,6.84
150,James Thornton,1989,1995,7,TOT,NFL,80,58,53,92,1203,13.08,7,15,,
151,Tony Moeaki,2010,2015,6,TOT,NFL,48,31,147,91,1201,13.2,6,25,61.90%,8.17
152,Richard Rodgers,2014,2018,5,TOT,NFL,70,24,182,121,1173,9.69,13,16.8,66.50%,6.45
153,Clay Harbor,2010,2016,7,TOT,NFL,98,38,166,114,1170,10.26,8,11.9,68.70%,7.05
154,Rob Housler,2011,2015,5,TOT,NFL,65,28,175,109,1166,10.7,1,17.9,62.30%,6.66
155,Austin Seferian-Jenkins,2014,2018,5,TOT,NFL,43,29,190,116,1160,10,11,27,61.10%,6.11
156,Boo Williams,2001,2004,4,NOR,NFL,59,20,210,107,1143,10.68,12,19.4,51.00%,5.44
157,Keith Cash,1991,1996,6,TOT,NFL,64,34,172,118,1136,9.63,10,17.8,,
158,O.J. Howard,2017,2019,3,TAM,NFL,28,26,99,70,1128,16.11,11,40.3,70.70%,11.39
159,Hoby Brenner,1989,1993,5,NOR,NFL,73,70,40,90,1122,12.47,7,15.4,,
160,Jeff Cumberland,2010,2017,8,TOT,NFL,72,47,164,88,1121,12.74,10,15.6,53.70%,6.84
161,Hunter Henry,2016,2019,4,SDG,NFL,30,24,120,85,1117,13.14,12,37.2,70.80%,9.31
162,Jonathan Hayes,1989,1996,8,TOT,NFL,124,94,88,97,1105,11.39,9,8.9,,
163,Garrett Celek,2012,2018,7,SFO,NFL,86,30,132,82,1104,13.46,12,12.8,62.10%,8.36
164,Mike Sellers,1998,2011,14,TOT,NFL,174,62,189,123,1095,8.9,18,6.3,65.10%,5.79
165,Jed Weaver,1999,2004,6,TOT,NFL,90,37,142,88,1090,12.39,6,12.1,62.00%,7.68
166,Keith Jennings,1989,1997,9,TOT,NFL,92,61,134,107,1082,10.11,10,11.8,,
167,Rhett Ellison,2012,2019,8,TOT,NFL,107,71,152,106,1065,10.05,6,10,69.70%,7.01
168,David Njoku,2017,2019,3,CLE,NFL,34,20,155,92,1062,11.54,9,31.2,59.40%,6.85
169,Garrett Graham,2010,2015,6,HTX,NFL,60,31,177,100,1059,10.59,10,17.7,56.50%,5.98
170,Ben Troupe,2004,2008,5,TOT,NFL,57,29,172,106,1056,9.96,7,18.5,61.60%,6.14
171,O.J. Santiago,1997,2003,7,TOT,NFL,78,60,138,81,1041,12.85,9,13.3,58.70%,7.54
172,Adrian Cooper,1991,1996,6,TOT,NFL,77,50,126,87,1037,11.92,5,13.5,,
173,Virgil Green,2011,2019,9,TOT,NFL,119,67,133,92,1030,11.2,5,8.7,69.20%,7.74
174,Aaron Pierce,1992,1999,8,TOT,NFL,82,43,169,97,1029,10.61,5,12.5,57.40%,6.09
175,Fred Baxter,1993,2003,11,TOT,NFL,134,50,179,100,1008,10.08,12,7.5,55.90%,5.63
176,Brandon Manumaleuna,2001,2010,10,TOT,NFL,158,103,166,115,1008,8.77,13,6.4,69.30%,6.07
177,Roland Williams,1998,2005,8,TOT,NFL,94,68,178,114,1004,8.81,13,10.7,64.00%,5.64
178,Justin Peelle,2002,2011,10,TOT,NFL,151,68,194,123,1003,8.15,12,6.6,63.40%,5.17
179,Alfred Pupunu,1992,2000,9,TOT,NFL,103,42,154,102,1000,9.8,3,9.7,66.20%,6.49
180,Levine Toilolo,2013,2019,7,TOT,NFL,98,67,138,95,986,10.38,8,10.1,68.80%,7.14
181,Leonard Pope,2006,2012,7,TOT,NFL,103,51,157,105,982,9.35,11,9.5,66.90%,6.25
182,Ted Popson,1994,1998,5,TOT,NFL,68,20,136,103,980,9.51,8,14.4,75.70%,7.21
183,Carlester Crumpler,1994,1999,6,TOT,NFL,78,32,131,90,979,10.88,4,12.6,68.70%,7.47
184,Brian Kozlowski,1994,2007,14,TOT,NFL,182,29,139,85,978,11.51,8,5.4,61.20%,7.04
185,Pat Carter,1989,1997,9,TOT,NFL,139,80,131,94,972,10.34,9,7,,
186,Larry Donnell,2012,2016,5,NYG,NFL,54,27,161,110,969,8.81,9,17.9,68.30%,6.02
187,Niles Paul,2011,2018,8,TOT,NFL,88,27,114,78,954,12.23,2,10.8,68.40%,8.37
188,Andrew Quarless,2010,2015,6,GNB,NFL,60,27,141,89,940,10.56,6,15.7,63.10%,6.67
189,David Thomas,2006,2012,7,TOT,NFL,80,38,154,102,938,9.2,8,11.7,66.20%,6.09
190,Dan Campbell,1999,2008,10,TOT,NFL,114,76,143,91,934,10.26,11,8.2,63.60%,6.53
191,Ben Utecht,2005,2008,4,TOT,NFL,51,36,130,87,923,10.61,3,18.1,66.90%,7.1
192,Chris Gedney,1993,2000,8,TOT,NFL,73,21,119,83,914,11.01,8,12.5,69.70%,7.68
193,Jason Dunn,1996,2007,12,TOT,NFL,160,51,147,81,910,11.23,11,5.7,55.10%,6.19
194,Greg Clark,1997,2000,4,SFO,NFL,55,39,142,92,909,9.88,4,16.5,64.80%,6.4
195,Logan Paulsen,2010,2018,9,TOT,NFL,120,65,146,91,907,9.97,7,7.6,62.30%,6.21
196,Tim Wright,2013,2015,3,TOT,NFL,41,11,125,89,907,10.19,13,22.1,71.20%,7.26
197,Darren Fells,2014,2019,6,TOT,NFL,74,52,107,75,900,12,11,12.2,70.10%,8.41
198,Will Tye,2015,2017,3,TOT,NFL,32,18,138,94,897,9.54,4,28,68.10%,6.5
199,Dion Sims,2013,2018,6,TOT,NFL,78,40,139,91,888,9.76,9,11.4,65.50%,6.39
200,C.J. Fiedorowicz,2014,2017,4,HTX,NFL,51,42,142,89,881,9.9,6,17.3,62.70%,6.2
201,Michael Gaines,2004,2009,6,TOT,NFL,83,48,139,84,869,10.35,6,10.5,60.40%,6.25
202,Aaron Shea,2000,2005,6,CLE,NFL,65,30,164,97,851,8.77,7,13.1,59.10%,5.19
203,George Wrighster,2003,2008,6,JAX,NFL,67,28,147,94,850,9.04,9,12.7,63.90%,5.78
204,James Casey,2009,2015,7,TOT,NFL,95,23,104,72,842,11.69,6,8.9,69.20%,8.1
205,C.J. Uzomah,2015,2019,5,CIN,NFL,49,31,125,83,835,10.06,5,17,66.40%,6.68
206,Josh Hill,2013,2019,7,NOR,NFL,91,46,135,88,830,9.43,11,9.1,65.20%,6.15
207,Craig McEwen,1989,1991,3,SDG,NFL,36,13,,73,823,11.27,6,22.9,,
208,Mark Andrews,2018,2019,2,RAV,NFL,20,3,82,57,818,14.35,6,40.9,69.50%,9.98
209,Evan Moore,2009,2012,4,TOT,NFL,48,9,103,63,810,12.86,5,16.9,61.20%,7.86
210,Tyler Higbee,2016,2019,4,RAM,NFL,52,43,126,73,801,10.97,5,15.4,57.90%,6.36
211,Tyrone Davis,1995,2002,8,TOT,NFL,75,27,136,73,795,10.89,13,10.6,53.70%,5.85
212,Reggie Johnson,1991,1997,7,TOT,NFL,77,29,96,66,791,11.98,6,10.3,,
213,Gerald Everett,2017,2019,3,RAM,NFL,37,4,108,67,787,11.75,6,21.3,62.00%,7.29
214,Will Heller,2003,2012,10,TOT,NFL,134,35,149,92,782,8.5,12,5.8,61.70%,5.25
215,Andrew Jordan,1994,2001,8,TOT,NFL,92,37,149,100,772,7.72,4,8.4,67.10%,5.18
216,Clive Walford,2015,2018,4,TOT,NFL,45,11,115,70,768,10.97,6,17.1,60.90%,6.68
217,Jim Price,1991,1995,5,TOT,NFL,43,9,65,74,767,10.36,4,17.8,,
218,Courtney Anderson,2004,2007,4,TOT,NFL,43,28,112,62,763,12.31,6,17.7,55.40%,6.81
219,Mike Mularkey,1989,1991,3,PIT,NFL,39,35,,60,758,12.63,4,19.4,,
220,David LaFleur,1997,2000,4,DAL,NFL,60,44,126,85,729,8.58,12,12.2,67.50%,5.79
221,Craig Stevens,2008,2015,8,OTI,NFL,109,72,97,60,724,12.07,6,6.6,61.90%,7.46
222,Jimmie Johnson,1989,1998,10,TOT,NFL,118,33,61,61,723,11.85,5,6.1,,
223,Nick Boyle,2015,2019,5,RAV,NFL,52,29,115,84,720,8.57,0,13.8,73.00%,6.26
224,Mark Boyer,1989,1992,4,TOT,NFL,59,47,33,86,694,8.07,3,11.8,,
225,Eric Sievers,1989,1990,2,NWE,NFL,24,6,,62,692,11.16,0,28.8,,
226,Johnny McWilliams,1996,2000,5,TOT,NFL,74,33,99,73,690,9.45,9,9.3,73.70%,6.97
227,Jake Ballard,2010,2013,4,TOT,NFL,23,16,70,45,679,15.09,6,29.5,64.30%,9.7
228,Casey Fitzsimmons,2003,2009,7,DET,NFL,99,24,146,88,677,7.69,5,6.8,60.30%,4.64
229,Clarence Kay,1989,1992,4,DEN,NFL,64,59,14,68,674,9.91,2,10.5,,
230,Scott Galbraith,1990,1998,9,TOT,NFL,118,40,44,60,670,11.17,6,5.7,,
231,Tyler Kroft,2015,2018,4,CIN,NFL,51,35,95,67,661,9.87,8,13,70.50%,6.96
232,Marco Battaglia,1996,2003,8,TOT,NFL,96,11,143,71,660,9.3,2,6.9,49.70%,4.62
233,Travis McNeal,1989,1993,5,TOT,NFL,76,30,24,48,652,13.58,2,8.6,,
234,Jeff Thomason,1992,2004,13,TOT,NFL,128,15,99,67,650,9.7,10,5.1,67.70%,6.57
235,Michael Hoomanawanui,2010,2017,8,TOT,NFL,87,57,93,57,646,11.33,8,7.4,61.30%,6.95
236,Mike Dyal,1989,1993,5,TOT,NFL,32,18,16,38,640,16.84,2,20,,
237,Ricky Seals-Jones,2017,2019,3,TOT,NFL,28,6,102,50,640,12.8,5,22.9,49.00%,6.27
238,Terry Orr,1989,1993,5,TOT,NFL,63,14,33,35,637,18.2,7,10.1,,
239,Tony Stewart,2001,2009,9,TOT,NFL,115,31,121,76,623,8.2,3,5.4,62.80%,5.15
240,Tyji Armstrong,1992,1998,7,TOT,NFL,87,35,94,53,621,11.72,3,7.1,56.40%,6.61
241,Demetrius Harris,2014,2019,6,TOT,NFL,75,34,111,59,611,10.36,7,8.1,53.20%,5.5
242,Jim Dray,2010,2017,8,TOT,NFL,94,38,91,56,605,10.8,3,6.4,61.50%,6.65
243,Jeff Heuerman,2016,2019,4,DEN,NFL,41,22,93,55,605,11,4,14.8,59.10%,6.51
244,Crockett Gillmore,2014,2016,3,RAV,NFL,32,16,76,51,604,11.84,6,18.9,67.10%,7.95
245,Robert Awalt,1989,1993,5,TOT,NFL,67,20,12,57,603,10.58,0,9,,
246,Mickey Shuler,1989,1991,3,TOT,NFL,27,12,,53,603,11.38,0,22.3,,
247,Seth Devalve,2016,2019,4,TOT,NFL,45,12,77,48,596,12.42,4,13.2,62.30%,7.74
248,Nick O'Leary,2015,2019,5,TOT,NFL,51,20,62,43,593,13.79,3,11.6,69.40%,9.56
249,Luke Stocker,2011,2019,9,TOT,NFL,103,71,109,72,593,8.24,5,5.8,66.10%,5.44
250,Walter Rasby,1994,2004,11,TOT,NFL,144,70,122,64,584,9.13,5,4.1,52.50%,4.79
251,Kellen Davis,2008,2016,9,TOT,NFL,125,55,114,53,579,10.92,13,4.6,46.50%,5.08
252,Daniel Wilcox,2001,2008,8,TOT,NFL,64,17,108,76,576,7.58,8,9,70.40%,5.33
253,Ron Heller,1989,1992,4,TOT,NFL,47,29,28,58,566,9.76,2,12,,
254,Ozzie Newsome*,1989,1990,2,CLE,NFL,32,28,,52,564,10.85,3,17.6,,
255,Luther Broughton,1998,2001,4,TOT,NFL,62,8,82,46,563,12.24,5,9.1,56.10%,6.87
256,Jamie Williams,1989,1994,6,TOT,NFL,83,8,39,60,560,9.33,3,6.7,,
257,Maxx Williams,2015,2019,5,TOT,NFL,46,22,86,66,554,8.39,3,12,76.70%,6.44
258,Damon Jones,1997,2001,5,JAX,NFL,50,22,72,41,550,13.41,11,11,56.90%,7.64
259,Bryan Fletcher,2005,2007,3,CLT,NFL,46,18,79,54,547,10.13,5,11.9,68.40%,6.92
260,James O'Shaughnessy,2015,2019,5,TOT,NFL,57,20,90,57,545,9.56,3,9.6,63.30%,6.06
261,John Gilmore,2002,2011,10,TOT,NFL,145,37,91,55,544,9.89,6,3.8,60.40%,5.98
262,Paul Green,1989,1996,8,TOT,NFL,49,28,119,69,544,7.88,3,11.1,,
263,Jerame Tuman,1999,2008,10,TOT,NFL,123,59,91,46,541,11.76,7,4.4,50.50%,5.95
264,John Davis,1997,2002,6,TOT,NFL,81,26,89,55,517,9.4,6,6.4,61.80%,5.81
265,Chris Herndon,2018,2018,1,NYJ,NFL,16,12,56,39,502,12.87,4,31.4,69.60%,8.96
266,Darren Waller,2015,2019,5,TOT,NFL,26,8,66,51,498,9.76,2,19.2,77.30%,7.55
267,Terry Jones,2002,2005,4,TOT,NFL,53,35,90,59,493,8.36,5,9.3,65.60%,5.48
268,Nick Vannett,2016,2019,4,TOT,NFL,43,17,69,50,491,9.82,4,11.4,72.50%,7.12
269,Ty Hallock,1993,2000,8,TOT,NFL,86,35,92,65,487,7.49,3,5.7,70.70%,5.29
270,Randal Williams,2001,2006,6,TOT,NFL,67,16,89,42,471,11.21,0,7,47.20%,5.29
271,Damone Johnson,1989,1992,4,RAM,NFL,49,41,,69,467,6.77,10,9.5,,
272,Terry Hardy,1998,2001,4,CRD,NFL,49,37,113,68,461,6.78,3,9.4,60.20%,4.08
273,Todd Yoder,2000,2009,10,TOT,NFL,134,14,78,48,460,9.58,8,3.4,61.50%,5.9
274,A.J. Derby,2016,2018,3,TOT,NFL,25,4,65,40,452,11.3,3,18.1,61.50%,6.95
275,Jonnu Smith,2017,2019,3,OTI,NFL,33,29,65,42,447,10.64,5,13.5,64.60%,6.88
276,Ben Patrick,2007,2010,4,CRD,NFL,42,20,64,45,446,9.91,4,10.6,70.30%,6.97
277,Kris Wilson,2004,2011,8,TOT,NFL,97,30,85,52,446,8.58,5,4.6,61.20%,5.25
278,John Tice,1989,1992,4,NOR,NFL,49,14,,42,441,10.5,1,9,,
279,Zeron Flemister,2000,2005,6,TOT,NFL,60,20,76,38,439,11.55,4,7.3,50.00%,5.78
280,Anthony McCoy,2010,2015,6,TOT,NFL,42,17,52,31,437,14.1,3,10.4,59.60%,8.4
281,Stephen Anderson,2016,2017,2,HTX,NFL,28,5,68,36,435,12.08,2,15.5,52.90%,6.4
282,Zeke Mowatt,1989,1991,3,TOT,NFL,42,19,,38,433,11.39,1,10.3,,
283,John Phillips,2009,2018,10,TOT,NFL,120,43,73,58,428,7.38,5,3.6,79.50%,5.86
284,Derek Carrier,2012,2019,8,TOT,NFL,70,19,66,46,427,9.28,2,6.1,69.70%,6.47
285,Frank Hartley,1994,1998,5,TOT,NFL,65,37,65,35,424,12.11,3,6.5,53.80%,6.52
286,Blake Jarwin,2017,2019,3,DAL,NFL,21,5,46,35,420,12,4,20,76.10%,9.13
287,Matt Spaeth,2007,2015,9,TOT,NFL,123,72,87,55,420,7.64,10,3.4,63.20%,4.83
288,Will Dissly,2018,2019,2,SEA,NFL,9,9,40,31,418,13.48,6,46.4,77.50%,10.45
289,Billy Bajema,2005,2013,9,TOT,NFL,120,52,68,40,416,10.4,2,3.5,58.80%,6.12
290,Duane Young,1991,1998,8,TOT,NFL,73,64,53,38,405,10.66,3,5.5,,
291,Jace Amaro,2014,2016,3,TOT,NFL,17,4,57,41,404,9.85,2,23.8,71.90%,7.09
292,Michael Roan,1995,2000,6,OTI,NFL,62,19,78,45,403,8.96,3,6.5,57.70%,5.17
293,Derek Brown,1992,1999,8,TOT,NFL,105,33,63,43,401,9.33,1,3.8,68.30%,6.37
294,Lee Smith,2011,2019,9,TOT,NFL,111,69,68,57,400,7.02,7,3.6,83.80%,5.88
295,Joe Klopfenstein,2006,2009,4,TOT,NFL,49,38,58,34,397,11.68,2,8.1,58.60%,6.84
296,Zachary Hilton,2003,2005,3,NOR,NFL,18,6,57,35,396,11.31,1,22,61.40%,6.95
297,Marcellus Rivers,2001,2007,7,TOT,NFL,79,14,78,51,395,7.75,4,5,65.40%,5.06
298,Geoff Swaim,2015,2019,5,TOT,NFL,41,19,57,46,392,8.52,1,9.6,80.70%,6.88
299,Chase Ford,2012,2014,3,TOT,NFL,20,5,51,34,391,11.5,1,19.6,66.70%,7.67
300,Steve Bush,1997,2005,9,TOT,NFL,118,28,73,51,385,7.55,3,3.3,69.90%,5.27
301,Erik Swoope,2014,2018,5,CLT,NFL,24,6,32,23,384,16.7,4,16,71.90%,12
302,Adam Bergen,2005,2006,2,CRD,NFL,30,16,67,43,381,8.86,2,12.7,64.20%,5.69
303,Chris Dressel,1989,1992,4,TOT,NFL,46,11,,35,379,10.83,1,8.2,,
304,Greg Baty,1990,1994,5,MIA,NFL,76,9,18,30,377,12.57,4,5,,
305,Gary Wilkins,1989,1991,3,ATL,NFL,34,17,,23,376,16.35,6,11.1,,
306,James Hanna,2012,2017,6,DAL,NFL,78,37,55,37,374,10.11,1,4.8,67.30%,6.8
307,Eric Kattus,1989,1992,4,TOT,NFL,52,6,,35,374,10.69,2,7.2,,
308,Sean McGrath,2012,2017,6,TOT,NFL,49,20,46,32,373,11.66,2,7.6,69.60%,8.11
309,Maurice Johnson,1991,1994,4,PHI,NFL,55,21,58,39,371,9.51,4,6.7,,
310,Dallas Goedert,2018,2019,2,PHI,NFL,19,9,51,37,366,9.89,5,19.3,72.50%,7.18
311,Don Warren,1989,1992,4,WAS,NFL,52,47,4,39,366,9.38,2,7,,
312,Blake Bell,2015,2019,5,TOT,NFL,54,14,52,32,365,11.41,0,6.8,61.50%,7.02
313,Jordan Akins,2018,2019,2,HTX,NFL,20,7,39,26,361,13.88,2,18.1,66.70%,9.26
314,Cap Boso,1989,1991,3,CHI,NFL,35,2,,31,353,11.39,2,10.1,,
315,Walter Reeves,1989,1996,8,TOT,NFL,98,73,47,55,347,6.31,3,3.5,,
316,Arthur Cox,1989,1991,3,TOT,NFL,45,38,,41,346,8.44,3,7.7,,
317,Alfredo Roberts,1989,1992,4,TOT,NFL,64,29,7,38,346,9.11,2,5.4,,
318,Mitch Lyons,1993,1999,7,TOT,NFL,90,23,52,39,345,8.85,1,3.8,75.00%,6.63
319,Pat Beach,1989,1993,5,TOT,NFL,75,41,13,39,342,8.77,5,4.6,,
320,Alonzo Mayes,1998,2000,3,CHI,NFL,37,28,60,33,339,10.27,1,9.2,55.00%,5.65
321,Bear Pascoe,2009,2015,7,TOT,NFL,85,34,61,40,336,8.4,2,4,65.60%,5.51
322,Shad Meier,2001,2005,5,TOT,NFL,53,13,65,42,334,7.95,3,6.3,64.60%,5.14
323,Gavin Escobar,2013,2017,5,TOT,NFL,64,7,48,30,333,11.1,8,5.2,62.50%,6.94
324,Ian Thomas,2018,2019,2,CAR,NFL,20,6,50,36,333,9.25,2,16.7,72.00%,6.66
325,MarQueis Gray,2013,2017,5,TOT,NFL,61,14,41,27,328,12.15,0,5.4,65.90%,8
326,Tom Crabtree,2010,2014,5,TOT,NFL,53,21,34,22,323,14.68,5,6.1,64.70%,9.5
327,Daniel Brown,2015,2019,5,TOT,NFL,45,7,51,35,317,9.06,1,7,68.60%,6.22
328,Cooper Helfet,2012,2015,4,SEA,NFL,23,4,46,25,315,12.6,2,13.7,54.30%,6.85
329,Ken Clark,1990,1992,3,CLT,NFL,34,12,8,43,314,7.3,0,9.2,,
330,Ben Hartsock,2004,2013,10,TOT,NFL,131,49,60,31,312,10.06,1,2.4,51.70%,5.2
331,Aaron Walker,2003,2007,5,TOT,NFL,55,15,37,25,312,12.48,1,5.7,67.60%,8.43
332,Ed Perry,1997,2005,9,TOT,NFL,109,10,61,39,308,7.9,2,2.8,63.90%,5.05
333,Matt LaCosse,2015,2019,5,TOT,NFL,24,7,43,29,305,10.52,1,12.7,67.40%,7.09
334,David Johnson,2009,2016,8,TOT,NFL,98,37,43,31,304,9.81,1,3.1,72.10%,7.07
335,Keith Neubert,1989,1989,1,NYJ,NFL,16,12,,28,302,10.79,1,18.9,,
336,Sean McHugh,2004,2008,5,TOT,NFL,40,17,39,23,301,13.09,0,7.5,59.00%,7.72
337,Jeremy Brigham,1998,2002,5,RAI,NFL,48,8,52,33,300,9.09,3,6.3,63.50%,5.77
338,J.P. Foschi,2005,2010,6,TOT,NFL,35,16,48,33,297,9,2,8.5,68.80%,6.19
339,Rich Griffith,1993,2000,8,TOT,NFL,90,19,41,21,296,14.1,0,3.3,51.20%,7.22
340,Greg Estandia,2007,2009,3,TOT,NFL,32,2,44,23,294,12.78,0,9.2,52.30%,6.68
341,Daniel Coats,2007,2010,4,TOT,NFL,57,18,59,30,291,9.7,0,5.1,50.80%,4.93
342,Teyo Johnson,2003,2005,3,TOT,NFL,30,9,38,26,288,11.08,3,9.6,68.40%,7.58
343,Patrick Hape,1997,2004,8,TOT,NFL,124,21,86,51,287,5.63,11,2.3,59.30%,3.34
344,Kevin Kasper,2001,2006,6,TOT,NFL,39,9,46,24,287,11.96,3,7.4,52.20%,6.24
345,Charles Arbuckle,1992,1995,4,CLT,NFL,42,9,47,33,282,8.55,1,6.7,70.20%,6
346,John Allred,1997,2002,6,TOT,NFL,53,12,46,30,281,9.37,2,5.3,65.20%,6.11
347,Joseph Fauria,2013,2014,2,DET,NFL,23,2,42,24,281,11.71,8,12.2,57.10%,6.69
348,Craig Thompson,1992,1993,2,CIN,NFL,29,3,56,36,281,7.81,3,9.7,64.30%,5.02
349,Dustin Lyman,2000,2004,5,CHI,NFL,55,21,59,37,278,7.51,3,5.1,62.70%,4.71
350,Jeff Robinson,1993,2009,17,TOT,NFL,202,18,38,28,278,9.93,8,1.4,73.70%,7.32
351,Tywan Mitchell,2000,2001,2,CRD,NFL,26,5,51,30,276,9.2,2,10.6,58.80%,5.41
352,Derek Schouman,2007,2010,4,TOT,NFL,25,15,34,27,275,10.19,1,11,79.40%,8.09
353,John Burke,1994,1998,5,TOT,NFL,60,19,52,28,273,9.75,0,4.6,53.80%,5.25
354,Josh Norman,2002,2003,2,SDG,NFL,18,2,37,22,273,12.41,2,15.2,59.50%,7.38
355,Derek Ware,1992,1996,5,TOT,NFL,58,14,47,24,270,11.25,1,4.7,51.10%,5.74
356,John Farquhar,1996,1998,3,TOT,NFL,21,8,31,18,266,14.78,1,12.7,58.10%,8.58
357,Steve Folsom,1989,1990,2,DAL,NFL,17,16,,28,265,9.46,2,15.6,,
358,Hunter Goodwin,1996,2003,8,TOT,NFL,119,54,63,37,265,7.16,2,2.2,58.70%,4.21
359,Travis Beckum,2009,2012,4,NYG,NFL,48,4,39,26,264,10.15,3,5.5,66.70%,6.77
360,Quinn Sypniewski,2006,2007,2,RAV,NFL,31,12,54,36,261,7.25,1,8.4,66.70%,4.83
361,Jason Croom,2018,2018,1,BUF,NFL,15,3,35,22,259,11.77,1,17.3,62.90%,7.4
362,Hayden Hurst,2018,2019,2,RAV,NFL,16,1,34,21,258,12.29,2,16.1,61.80%,7.59
363,Greg DeLong,1995,2000,6,TOT,NFL,69,26,70,43,257,5.98,1,3.7,61.40%,3.67
364,Tony Cline,1995,1999,5,TOT,NFL,52,9,49,32,255,7.97,1,4.9,65.30%,5.2
365,Mike Gesicki,2018,2019,2,MIA,NFL,20,8,43,28,253,9.04,0,12.7,65.10%,5.88
366,Jerry Evans,1993,1995,3,DEN,NFL,43,17,43,25,251,10.04,3,5.8,58.10%,5.84
367,Chris Gragg,2013,2015,3,BUF,NFL,32,10,37,24,251,10.46,2,7.8,64.90%,6.78
368,Darnell Dinkins,2002,2009,8,TOT,NFL,89,15,55,30,250,8.33,4,2.8,54.50%,4.55
369,John Madsen,2006,2008,3,RAI,NFL,35,4,32,19,248,13.05,2,7.1,59.40%,7.75
370,Kaseem Sinceno,1998,2000,3,TOT,NFL,21,11,49,26,248,9.54,1,11.8,53.10%,5.06
371,Orson Mobley,1989,1990,2,DEN,NFL,21,13,,25,241,9.64,0,11.5,,
372,Nate Jackson,2003,2008,6,DEN,NFL,41,4,41,27,240,8.89,2,5.9,65.90%,5.85
373,Gijon Robinson,2008,2010,3,CLT,NFL,39,26,46,31,240,7.74,1,6.2,67.40%,5.22
374,Sean Ryan,2004,2009,6,TOT,NFL,53,15,46,26,240,9.23,2,4.5,56.50%,5.22
375,Xavier Grimble,2014,2019,6,TOT,NFL,47,7,41,23,239,10.39,3,5.1,56.10%,5.83
376,Neal Sterling,2015,2018,4,TOT,NFL,35,6,34,24,239,9.96,0,6.8,70.60%,7.03
377,Deems May,1992,1999,8,TOT,NFL,104,22,41,26,238,9.15,1,2.3,63.40%,5.8
378,Ron Middleton,1989,1995,7,TOT,NFL,88,49,50,35,234,6.69,3,2.7,,
379,Madison Hedgecock,2005,2010,6,TOT,NFL,84,47,59,37,233,6.3,2,2.8,62.70%,3.95
380,Anthony Firkser,2018,2019,2,OTI,NFL,15,0,20,19,225,11.84,1,15,95.00%,11.25
381,Jimmie Giles,1989,1989,1,PHI,NFL,16,5,,16,225,14.06,2,14.1,,
382,Adam Shaheen,2017,2019,3,CHI,NFL,23,12,28,24,225,9.38,4,9.8,85.70%,8.04
383,Chad Fann,1993,1999,7,TOT,NFL,72,15,38,24,223,9.29,0,3.1,63.20%,5.87
384,Ryan Hewitt,2014,2018,5,TOT,NFL,72,40,34,23,221,9.61,1,3.1,67.60%,6.5
385,Roderick Lewis,1994,1997,4,OTI,NFL,45,18,40,28,221,7.89,0,4.9,70.00%,5.53
386,Ryan Hannam,2002,2006,5,TOT,NFL,54,5,34,22,215,9.77,2,4,64.70%,6.32
387,Cory Harkey,2012,2016,5,RAM,NFL,64,30,37,27,215,7.96,3,3.4,73.00%,5.81
388,Jordan Thomas,2018,2018,1,HTX,NFL,16,10,27,20,215,10.75,4,13.4,74.10%,7.96
389,Jerell Adams,2016,2019,4,TOT,NFL,30,3,32,24,214,8.92,1,7.1,75.00%,6.69
390,Henry Lusk,1996,1998,3,TOT,NFL,19,4,48,27,210,7.78,0,11.1,56.30%,4.38
391,Shannon Mitchell,1994,1997,4,SDG,NFL,52,20,48,25,207,8.28,1,4,52.10%,4.31
392,MyCole Pruitt,2015,2019,5,TOT,NFL,40,5,30,21,204,9.71,1,5.1,70.00%,6.8
393,Rod Rutledge,1998,2002,5,TOT,NFL,70,36,43,27,204,7.56,1,2.9,62.80%,4.74
394,Troy Niklas,2014,2017,4,CRD,NFL,41,18,32,19,203,10.68,3,5,59.40%,6.34
395,Brandon Williams,2013,2017,5,TOT,NFL,59,11,28,19,201,10.58,0,3.4,67.90%,7.18
396,Bobby Collins,1999,2001,3,TOT,NFL,30,6,29,16,199,12.44,2,6.6,55.20%,6.86
397,Ben Koyack,2016,2018,3,JAX,NFL,37,12,31,24,199,8.29,1,5.4,77.40%,6.42
398,Mike Tice,1989,1995,7,TOT,NFL,68,44,17,25,198,7.92,6,2.9,,
399,Scott Slutzker,1996,1999,4,TOT,NFL,41,4,26,15,196,13.07,1,4.8,57.70%,7.54
400,Cameron Morrah,2009,2012,4,SEA,NFL,27,7,32,16,194,12.13,0,7.2,50.00%,6.06
401,Eric Tomlinson,2016,2019,4,TOT,NFL,39,29,25,16,193,12.06,1,4.9,64.00%,7.72
402,Jim Riggs,1989,1993,5,TOT,NFL,57,4,25,28,192,6.86,0,3.4,,
403,Jeff Dugan,2004,2010,7,MIN,NFL,79,22,34,27,191,7.07,3,2.4,79.40%,5.62
404,Logan Thomas,2014,2019,6,TOT,NFL,30,5,31,24,191,7.96,1,6.4,77.40%,6.16
405,Dwayne Blakley,2004,2007,4,ATL,NFL,59,9,38,21,189,9,1,3.2,55.30%,4.97
406,Brandon Bostick,2012,2016,5,TOT,NFL,40,7,29,17,186,10.94,2,4.7,58.60%,6.41
407,Orson Charles,2012,2018,7,TOT,NFL,49,8,19,14,185,13.21,0,3.8,73.70%,9.74
408,Eric Edwards,2004,2005,2,CRD,NFL,32,10,25,17,184,10.82,1,5.8,68.00%,7.36
409,Joey Haynos,2008,2009,2,MIA,NFL,23,8,41,21,184,8.76,3,8,51.20%,4.49
410,Brad Cottam,2008,2009,2,KAN,NFL,24,8,26,16,183,11.44,0,7.6,61.50%,7.04
411,Tory Humphrey,2005,2010,6,TOT,NFL,31,9,21,13,181,13.92,0,5.8,61.90%,8.62
412,Shawn Nelson,2009,2010,2,BUF,NFL,17,13,33,20,181,9.05,1,10.6,60.60%,5.48
413,Derek Tennell,1989,1993,5,TOT,NFL,48,13,23,22,181,8.23,1,3.8,,
414,John Owens,2002,2009,8,TOT,NFL,76,19,41,22,178,8.09,1,2.3,53.70%,4.34
415,Chase Coffman,2010,2016,7,TOT,NFL,39,3,33,18,177,9.83,2,4.5,54.50%,5.36
416,Tim Jorden,1990,1993,4,TOT,NFL,63,25,13,24,177,7.38,2,2.8,,
417,Greg Scales,1989,1991,3,NOR,NFL,32,5,,19,176,9.26,1,5.5,,
418,Tom Santi,2008,2009,2,CLT,NFL,9,4,24,18,171,9.5,1,19,75.00%,7.13
419,Matthew Mulligan,2009,2016,8,TOT,NFL,89,31,28,18,170,9.44,2,1.9,64.30%,6.07
420,Coleman Bell,1995,1995,1,WAS,NFL,11,1,25,14,166,11.86,1,15.1,56.00%,6.64
421,T.J. Hockenson,2019,2019,1,DET,NFL,4,3,19,11,166,15.09,2,41.5,57.90%,8.74
422,Phillip Supernaw,2012,2017,6,TOT,NFL,56,7,18,14,163,11.64,1,2.9,77.80%,9.06
423,Mo Alie-Cox,2018,2019,2,CLT,NFL,13,2,17,10,161,16.1,2,12.4,58.80%,9.47
424,Harold Bishop,1994,1998,5,TOT,NFL,34,6,29,19,161,8.47,0,4.7,65.50%,5.55
425,Lovett Purnell,1996,1999,4,TOT,NFL,36,7,37,19,159,8.37,5,4.4,51.40%,4.3
426,Derek Fine,2008,2009,2,BUF,NFL,18,11,30,19,158,8.32,1,8.8,63.30%,5.27
427,Mike Seidman,2003,2006,4,CAR,NFL,43,15,27,18,158,8.78,2,3.7,66.70%,5.85
428,Jabari Holloway,2002,2003,2,HTX,NFL,26,16,20,15,157,10.47,0,6,75.00%,7.85
429,Richard Angulo,2003,2008,6,TOT,NFL,27,6,22,17,155,9.12,1,5.7,77.30%,7.05
430,David Paulson,2012,2014,3,TOT,NFL,32,9,21,13,153,11.77,0,4.8,61.90%,7.29
431,Troy Sadowski,1990,1998,9,TOT,NFL,100,6,35,23,152,6.61,0,1.5,,
432,Kory Sperry,2009,2013,5,TOT,NFL,40,8,16,9,152,16.89,1,3.8,56.30%,9.5
433,James Whalen,2000,2003,4,DAL,NFL,26,6,29,17,152,8.94,0,5.8,58.60%,5.24
434,Dorin Dickerson,2010,2013,4,TOT,NFL,24,0,20,11,151,13.73,0,6.3,55.00%,7.55
435,Jonathan Stupar,2009,2010,2,BUF,NFL,30,5,24,18,151,8.39,0,5,75.00%,6.29
436,Jesse Anderson,1990,1993,4,TOT,NFL,35,4,,11,150,13.64,2,4.3,,
437,Dan Arnold,2018,2018,1,NOR,NFL,10,1,19,12,150,12.5,1,15,63.20%,7.89
438,Butch Rolle,1989,1993,5,TOT,NFL,80,20,36,30,148,4.93,7,1.9,,
439,Zach Sudfeld,2013,2014,2,TOT,NFL,30,5,17,10,148,14.8,0,4.9,58.80%,8.71
440,Robert Tyler,1989,1989,1,SEA,NFL,9,9,,14,148,10.57,0,16.4,,
441,Frank Wainright,1991,2000,10,TOT,NFL,121,9,18,11,148,13.45,1,1.2,,
442,Aaron Laing,1994,1997,4,TOT,NFL,32,12,35,18,147,8.17,1,4.6,51.40%,4.2
443,Michael Roberts,2017,2018,2,DET,NFL,23,5,27,13,146,11.23,3,6.3,48.10%,5.41
444,Reggie Davis,1999,2000,2,SDG,NFL,26,3,20,13,145,11.15,1,5.6,65.00%,7.25
445,Bob Mrosko,1989,1991,3,TOT,NFL,42,20,,14,145,10.36,1,3.5,,
446,Dawson Knox,2019,2019,1,BUF,NFL,4,1,13,8,144,18,1,36,61.50%,11.08
447,Mike Lucky,1999,2002,4,DAL,NFL,46,9,29,19,143,7.53,1,3.1,65.50%,4.93
448,Richard Owens,2004,2007,4,TOT,NFL,53,7,21,17,141,8.29,1,2.7,81.00%,6.71
449,Henry Hynoski,2011,2014,4,NYG,NFL,46,21,33,24,138,5.75,1,3,72.70%,4.18
450,Justin Perillo,2014,2016,3,GNB,NFL,20,1,18,15,137,9.13,1,6.9,83.30%,7.61
451,Stephen Spach,2005,2012,8,TOT,NFL,60,24,48,22,137,6.23,0,2.3,45.80%,2.85
452,Justin Swift,1999,2002,4,TOT,NFL,49,7,29,22,137,6.23,1,2.8,75.90%,4.72
453,Brian Jones,2004,2005,2,JAX,NFL,29,1,25,9,136,15.11,1,4.7,36.00%,5.44
454,David Morgan,2016,2018,3,MIN,NFL,38,12,19,16,135,8.44,1,3.6,84.20%,7.11
455,Michael Palmer,2010,2014,5,TOT,NFL,74,6,33,23,132,5.74,4,1.8,69.70%,4
456,Noah Fant,2019,2019,1,DEN,NFL,4,2,15,11,130,11.82,1,32.5,73.30%,8.67
457,Ryan Neufeld,1999,2007,9,TOT,NFL,72,7,26,13,129,9.92,1,1.8,50.00%,4.96
458,Lamont Hall,1999,2005,7,TOT,NFL,94,19,23,19,127,6.68,2,1.4,82.60%,5.52
459,Chad Mustard,2003,2008,6,TOT,NFL,49,6,16,12,123,10.25,0,2.5,75.00%,7.69
460,Robert Tonyan,2018,2019,2,GNB,NFL,20,2,11,7,120,17.14,1,6,63.60%,10.91
461,Darnell Sanders,2002,2004,3,TOT,NFL,28,15,26,18,118,6.56,2,4.2,69.20%,4.54
462,Wendall Gaines,1995,1995,1,CRD,NFL,16,11,19,14,117,8.36,2,7.3,73.70%,6.16
463,Joe Caravello,1989,1990,2,SDG,NFL,19,16,,12,116,9.67,1,6.1,,
464,Dalton Schultz,2018,2019,2,DAL,NFL,15,7,17,12,116,9.67,0,7.7,70.60%,6.82
465,Tim Euhus,2004,2007,4,TOT,NFL,34,8,20,14,115,8.21,2,3.4,70.00%,5.75
466,Greg Werner,1989,1989,1,NYJ,NFL,10,4,,8,115,14.38,0,11.5,,
467,James Jenkins,1991,2000,10,WAS,NFL,133,38,28,15,114,7.6,7,0.9,,
468,Jordan Leggett,2018,2018,1,NYJ,NFL,15,4,24,14,114,8.14,1,7.6,58.30%,4.75
469,Billy Griggs,1989,1989,1,NYJ,NFL,5,3,,9,112,12.44,0,22.4,,
470,Spencer Havner,2008,2010,3,TOT,NFL,26,1,10,7,112,16,4,4.3,70.00%,11.2
471,Oscar McBride,1995,1996,2,CRD,NFL,18,11,20,13,112,8.62,2,6.2,65.00%,5.6
472,Jeremy Sprinkle,2017,2019,3,WAS,NFL,31,18,21,12,112,9.33,2,3.6,57.10%,5.33
473,Brian Roche,1996,1998,3,TOT,NFL,22,1,18,13,111,8.54,0,5,72.20%,6.17
474,Garrett Mills,2007,2010,4,TOT,NFL,16,3,17,9,110,12.22,0,6.9,52.90%,6.47
475,Joshua Perkins,2016,2018,3,TOT,NFL,17,2,16,8,109,13.63,1,6.4,50.00%,6.81
476,Brent Novoselsky,1989,1994,6,MIN,NFL,90,7,8,14,108,7.71,2,1.2,,
477,Jake O'Connell,2009,2012,4,KAN,NFL,35,8,29,15,108,7.2,0,3.1,51.70%,3.72
478,Ben Braunecker,2016,2019,4,CHI,NFL,40,4,14,9,107,11.89,0,2.7,64.30%,7.64
479,Alan Cross,2016,2018,3,TAM,NFL,36,7,21,13,105,8.08,1,2.9,61.90%,5
480,Dominique Jones,2012,2016,5,TOT,NFL,22,5,14,10,103,10.3,1,4.7,71.40%,7.36
481,Brad Beckman,1989,1989,1,ATL,NFL,15,2,,11,102,9.27,1,6.8,,
482,William Harris,1989,1990,2,TOT,NFL,20,2,,11,102,9.27,1,5.1,,
483,Lin Dawson,1989,1990,2,NWE,NFL,19,13,,12,101,8.42,0,5.3,,
484,Austin Traylor,2017,2017,1,DEN,NFL,7,3,13,8,100,12.5,0,14.3,61.50%,7.69
485,Tony Johnson,1996,1998,3,NOR,NFL,27,8,16,9,97,10.78,1,3.6,56.30%,6.06
486,Jeron Mastrud,2010,2013,4,TOT,NFL,52,18,16,7,96,13.71,0,1.8,43.80%,6
487,Ifeanyi Momah,2014,2017,4,TOT,NFL,14,3,6,3,96,32,0,6.9,50.00%,16
488,Scott Simonson,2014,2018,5,TOT,NFL,34,5,15,10,96,9.6,1,2.8,66.70%,6.4
489,Jacob Hollister,2017,2018,2,NWE,NFL,23,2,16,8,94,11.75,0,4.1,50.00%,5.88
490,Joe Davenport,2001,2003,3,CLT,NFL,29,9,23,11,93,8.45,0,3.2,47.80%,4.04
491,Ryan Krause,2004,2007,4,TOT,NFL,14,1,8,7,92,13.14,1,6.6,87.50%,11.5
492,Bobby Neely,1996,1996,1,CHI,NFL,11,5,13,9,92,10.22,0,8.4,69.20%,7.08
493,Matt Cushing,1999,2004,6,PIT,NFL,53,5,19,13,91,7,1,1.7,68.40%,4.79
494,Ross Travis,2016,2017,2,TOT,NFL,21,6,23,10,91,9.1,0,4.3,43.50%,3.96
495,Chris Fontenot,1998,1998,1,PHI,NFL,5,3,12,8,90,11.25,0,18,66.70%,7.5
496,Konrad Reuland,2012,2015,4,TOT,NFL,30,4,19,12,90,7.5,0,3,63.20%,4.74
497,Weslye Saunders,2011,2014,4,TOT,NFL,34,11,23,10,90,9,1,2.6,43.50%,3.91
498,Walter Wilson,1990,1990,1,SDG,NFL,14,5,,10,87,8.7,0,6.2,,
499,Jake Butt,2018,2018,1,DEN,NFL,3,3,13,8,85,10.63,0,28.3,61.50%,6.54
500,Kevin Brock,2011,2014,4,TOT,NFL,24,2,14,10,84,8.4,0,3.5,71.40%,6
501,Brody Eldridge,2010,2011,2,CLT,NFL,27,16,19,14,84,6,0,3.1,73.70%,4.42
502,Nate Byham,2010,2013,4,TOT,NFL,29,8,14,11,83,7.55,1,2.9,78.60%,5.93
503,Dominique Byrd,2006,2011,6,TOT,NFL,17,0,8,6,83,13.83,1,4.9,75.00%,10.38
504,Zach Potter,2009,2012,4,JAX,NFL,45,14,22,11,83,7.55,0,1.8,50.00%,3.77
505,Taylor Thompson,2012,2014,3,OTI,NFL,35,8,25,11,83,7.55,1,2.4,44.00%,3.32
506,Sean Berton,2003,2005,3,TOT,NFL,44,7,12,10,81,8.1,0,1.8,83.30%,6.75
507,Chris Manhertz,2014,2019,6,TOT,NFL,43,13,10,5,79,15.8,1,1.8,50.00%,7.9
508,Ronnie Williams,1993,1996,4,TOT,NFL,55,5,12,10,79,7.9,1,1.4,83.30%,6.58
509,Hayward Clay,1996,1998,3,TOT,NFL,14,6,7,5,78,15.6,0,5.6,71.40%,11.14
510,Darcy Johnson,2006,2010,5,TOT,NFL,34,8,16,9,78,8.67,2,2.3,56.30%,4.88
511,Tyler Conklin,2018,2019,2,MIN,NFL,19,3,7,5,77,15.4,0,4.1,71.40%,11
512,Terry Samuels,1994,1995,2,CRD,NFL,20,7,13,10,76,7.6,0,3.8,76.90%,5.85
513,Durham Smythe,2018,2019,2,MIA,NFL,19,5,13,7,74,10.57,0,3.9,53.80%,5.69
514,Danta Whitaker,1990,1993,4,TOT,NFL,27,9,10,9,74,8.22,1,2.7,,
515,Antony Auclair,2017,2019,3,TAM,NFL,28,16,11,9,73,8.11,0,2.6,81.80%,6.64
516,Lorenzo Diamond,2004,2005,2,TOT,NFL,21,11,17,11,73,6.64,0,3.5,64.70%,4.29
517,Clint Didier,1989,1989,1,GNB,NFL,16,4,,7,71,10.14,1,4.4,,
518,Sheldon Jackson,1999,2001,3,BUF,NFL,45,13,21,10,71,7.1,2,1.6,47.60%,3.38
519,Josh Wilcox,1998,1999,2,NOR,NFL,11,5,8,7,71,10.14,0,6.5,87.50%,8.88
520,David Frisch,1993,1997,5,TOT,NFL,41,3,13,9,70,7.78,1,1.7,69.20%,5.38
521,D.J. Williams,2011,2014,4,TOT,NFL,35,3,22,9,70,7.78,0,2,40.90%,3.18
522,Michael Egnew,2012,2013,2,MIA,NFL,18,5,11,7,69,9.86,0,3.8,63.60%,6.27
523,Tracy Greene,1994,1995,2,TOT,NFL,23,2,14,6,69,11.5,1,3,42.90%,4.93
524,Dan Gronkowski,2009,2011,3,TOT,NFL,21,5,16,9,69,7.67,0,3.3,56.30%,4.31
525,Cory Geason,2000,2002,3,TOT,NFL,26,3,4,3,66,22,0,2.5,75.00%,16.5
526,Mike Bartrum,1993,2006,14,TOT,NFL,171,0,18,11,65,5.91,6,0.4,61.10%,3.61
527,Pete Chryplewicz,1997,1999,3,DET,NFL,37,3,12,9,65,7.22,3,1.8,75.00%,5.42
528,Keith Heinrich,2002,2007,6,TOT,NFL,22,3,10,9,65,7.22,2,3,90.00%,6.5
529,Irv Smith Jr.,2019,2019,1,MIN,NFL,4,1,6,5,64,12.8,0,16,83.30%,10.67
530,Danny Noble,2012,2013,2,TOT,NFL,12,1,3,2,63,31.5,1,5.3,66.70%,21
531,Ryan Collins,1999,1999,1,RAV,NFL,4,3,9,4,62,15.5,0,15.5,44.40%,6.89
532,Brett Carolan,1994,1996,3,TOT,NFL,24,2,11,7,61,8.71,1,2.5,63.60%,5.55
533,David Grinnage,2018,2018,1,JAX,NFL,4,2,8,6,61,10.17,0,15.3,75.00%,7.63
534,Chris Verhulst,1989,1990,2,TOT,NFL,27,3,,7,61,8.71,0,2.3,,
535,John Jones,2000,2003,4,RAV,NFL,49,6,14,8,60,7.5,1,1.2,57.10%,4.29
536,Colin Cloherty,2009,2012,4,TOT,NFL,8,1,9,5,59,11.8,0,7.4,55.60%,6.56
537,Jerome Cunningham,2014,2018,5,TOT,NFL,12,3,17,8,59,7.38,0,4.9,47.10%,3.47
538,Trey Junkin,1989,2002,14,TOT,NFL,204,2,5,7,58,8.29,4,0.3,,
539,Allen Reisner,2011,2014,4,TOT,NFL,17,5,12,7,58,8.29,0,3.4,58.30%,4.83
540,Casey Crawford,2000,2002,3,TOT,NFL,15,1,11,5,57,11.4,1,3.8,45.50%,5.18
541,Gabe Reid,2003,2006,4,CHI,NFL,30,4,16,7,57,8.14,0,1.9,43.80%,3.56
542,Doug Wellsandt,1990,1990,1,NYJ,NFL,16,2,,5,57,11.4,0,3.6,,
543,Kirk Botkin,1994,1997,4,TOT,NFL,48,1,11,6,55,9.17,0,1.1,54.50%,5
544,Ed Thomas,1990,1991,2,TAM,NFL,13,0,,4,55,13.75,0,4.2,,
545,Kelly Blackwell,1992,1993,2,TOT,NFL,18,2,12,5,54,10.8,0,3,41.70%,4.5
546,Michael Matthews,2007,2009,3,TOT,NFL,39,11,17,8,54,6.75,0,1.4,47.10%,3.18
547,Steve Maneri,2011,2014,4,TOT,NFL,24,10,17,6,52,8.67,0,2.2,35.30%,3.06
548,Foster Moreau,2019,2019,1,RAI,NFL,4,2,7,6,51,8.5,1,12.8,85.70%,7.29
549,Tony Curtis,2006,2008,3,DAL,NFL,36,6,15,11,50,4.55,3,1.4,73.30%,3.33
550,Martrez Milner,2007,2007,1,ATL,NFL,8,2,9,9,50,5.56,0,6.3,100.00%,5.56
551,Adrien Robinson,2012,2014,3,NYG,NFL,19,1,7,5,50,10,1,2.6,71.40%,7.14
552,Eric Saubert,2017,2018,2,ATL,NFL,30,1,9,5,48,9.6,0,1.6,55.60%,5.33
553,Darryl Ingram,1989,1993,5,TOT,NFL,36,2,3,5,47,9.4,1,1.3,,
554,Jake Stoneburner,2013,2015,3,TOT,NFL,20,1,5,5,47,9.4,2,2.4,100.00%,9.4
555,Troy Bienemann,2007,2007,1,CRD,NFL,16,4,11,7,46,6.57,1,2.9,63.60%,4.18
556,Brad Cieslak,2005,2008,4,TOT,NFL,12,2,9,6,46,7.67,0,3.8,66.70%,5.11
557,Rico Gathers,2018,2018,1,DAL,NFL,15,4,7,3,45,15,0,3,42.90%,6.43
558,Ryan Taylor,2011,2014,4,TOT,NFL,59,2,11,8,45,5.63,1,0.8,72.70%,4.09
559,Ken Whisenhunt,1990,1992,3,TOT,NFL,19,7,3,6,45,7.5,0,2.4,,
560,Colin Cochart,2011,2011,1,CIN,NFL,10,3,9,5,44,8.8,1,4.4,55.60%,4.89
561,Ryan Izzo,2019,2019,1,NWE,NFL,4,3,3,2,44,22,0,11,66.70%,14.67
562,Vince Marrow,1994,1994,1,BUF,NFL,10,0,7,5,44,8.8,0,4.4,71.40%,6.29
563,Mickey Shuler,2010,2015,6,TOT,NFL,10,3,8,2,44,22,0,4.4,25.00%,5.5
564,Nate Lawrie,2004,2008,5,TOT,NFL,26,5,7,4,43,10.75,0,1.7,57.10%,6.14
565,Deon Yelder,2018,2019,2,KAN,NFL,5,0,2,2,43,21.5,0,8.6,100.00%,21.5
566,Brian Natkin,2001,2001,1,OTI,NFL,3,1,3,2,42,21,0,14,66.70%,14
567,Ben Steele,2004,2005,2,GNB,NFL,17,0,11,4,42,10.5,0,2.5,36.40%,3.82
568,Mike Caussin,2011,2012,2,BUF,NFL,6,2,6,5,41,8.2,0,6.8,83.30%,6.83
569,Kyle Adams,2011,2013,3,TOT,NFL,29,3,8,4,40,10,0,1.4,50.00%,5
570,Rob Coons,1995,1997,3,BUF,NFL,32,0,8,4,40,10,0,1.3,50.00%,5
571,Zack Pianalto,2011,2011,1,TAM,NFL,13,0,5,4,40,10,0,3.1,80.00%,8
572,Randall Telfer,2016,2017,2,CLE,NFL,30,19,11,5,40,8,0,1.3,45.50%,3.64
573,Matt Lengel,2016,2018,3,TOT,NFL,18,2,11,5,39,7.8,2,2.2,45.50%,3.55
574,Brian Leonhardt,2014,2015,2,TOT,NFL,16,3,9,7,39,5.57,1,2.4,77.80%,4.33
575,Brian Parker,2015,2018,4,TOT,NFL,22,1,12,6,39,6.5,0,1.8,50.00%,3.25
576,Ryan Purvis,2010,2010,1,TAM,NFL,10,2,6,5,38,7.6,0,3.8,83.30%,6.33
577,Tommy Sweeney,2019,2019,1,BUF,NFL,4,1,6,3,38,12.67,0,9.5,50.00%,6.33
578,Bill Baber,2001,2004,4,TOT,NFL,30,2,5,4,37,9.25,1,1.2,80.00%,7.4
579,Jordan Franks,2018,2018,1,CIN,NFL,6,0,3,2,37,18.5,0,6.2,66.70%,12.33
580,Sean Culkin,2017,2019,3,SDG,NFL,18,12,3,2,36,18,0,2,66.70%,12
581,Johnny Huggins,2001,2001,1,DAL,NFL,10,2,12,8,36,4.5,0,3.6,66.70%,3
582,Mike McNeill,2011,2013,3,TOT,NFL,32,1,8,5,36,7.2,0,1.1,62.50%,4.5
583,Chris Luzar,2002,2003,2,JAX,NFL,23,1,6,4,35,8.75,0,1.5,66.70%,5.83
584,Matt Murphy,2002,2007,6,TOT,NFL,28,3,9,3,34,11.33,0,1.2,33.30%,3.78
585,Andy Haase,1998,1998,1,NYG,NFL,7,1,2,2,33,16.5,0,4.7,100.00%,16.5
586,Edgar Jones,2007,2013,7,TOT,NFL,64,0,3,2,33,16.5,0,0.5,66.70%,11
587,Emanuel Byrd,2017,2017,1,GNB,NFL,1,0,2,2,31,15.5,0,31,100.00%,15.5
588,Brian Saxton,1996,1997,2,TOT,NFL,19,2,11,4,31,7.75,0,1.6,36.40%,2.82
589,Jeff Wilner,1994,1995,2,GNB,NFL,13,1,6,5,31,6.2,0,2.4,83.30%,5.17
590,David Jones,1992,1992,1,RAI,NFL,16,0,3,2,29,14.5,0,1.8,66.70%,9.67
591,Scott Dragos,2000,2001,2,CHI,NFL,15,2,6,4,28,7,0,1.9,66.70%,4.67
592,Mike Hinnant,1989,1992,4,TOT,NFL,20,1,4,3,28,9.33,0,1.4,,
593,Darrell Daniels,2017,2019,3,TOT,NFL,24,6,15,3,26,8.67,0,1.1,20.00%,1.73
594,Matt Dominguez,2001,2001,1,DEN,NFL,12,0,5,3,26,8.67,0,2.2,60.00%,5.2
595,Mike Jones,1990,1992,3,TOT,NFL,31,1,3,5,26,5.2,2,0.8,,
596,Jake Nordin,2007,2009,3,TOT,NFL,5,1,3,2,26,13,0,5.2,66.70%,8.67
597,Jason Rader,2006,2008,3,TOT,NFL,11,2,1,1,26,26,0,2.4,100.00%,26
598,Nate Turner,1993,1995,3,TOT,NFL,28,0,2,1,26,26,1,0.9,50.00%,13
599,Kevin Ware,2003,2004,2,TOT,NFL,16,2,8,4,26,6.5,0,1.6,50.00%,3.25
600,Michael Williams,2014,2015,2,TOT,NFL,15,9,6,3,26,8.67,0,1.7,50.00%,4.33
601,Richie Brockel,2011,2015,5,CAR,NFL,49,2,5,4,25,6.25,0,0.5,80.00%,5
602,John Bronson,2005,2006,2,CRD,NFL,3,0,1,1,25,25,0,8.3,100.00%,25
603,A.J. Ofodile,1997,1999,3,RAV,NFL,24,3,9,4,25,6.25,0,1,44.40%,2.78
604,Drew Sample,2019,2019,1,CIN,NFL,4,0,3,2,25,12.5,0,6.3,66.70%,8.33
605,Rod Trafford,2004,2004,1,BUF,NFL,4,0,4,3,25,8.33,0,6.3,75.00%,6.25
606,Fred Wakefield,2001,2008,8,TOT,NFL,80,49,2,2,24,12,0,0.3,100.00%,12
607,Wendell Davis,1998,1998,1,SDG,NFL,11,7,5,4,23,5.75,0,2.1,80.00%,4.6
608,Tommie Stowers,1992,1994,3,TOT,NFL,17,0,5,4,23,5.75,0,1.4,80.00%,4.6
609,Tyrone Swoopes,2017,2018,2,SEA,NFL,2,1,1,1,23,23,0,11.5,100.00%,23
610,Wesley Duke,2005,2005,1,DEN,NFL,3,0,4,2,22,11,1,7.3,50.00%,5.5
611,Nic Jacobs,2014,2015,2,JAX,NFL,24,7,6,3,22,7.33,1,0.9,50.00%,3.67
612,Craig Keith,1993,1995,3,TOT,NFL,28,3,5,4,22,5.5,0,0.8,80.00%,4.4
613,Gator Hoskins,2014,2014,1,2TM,NFL,15,0,4,3,21,7,0,1.4,75.00%,5.25
614,Terry O'Shea,1989,1990,2,PIT,NFL,32,2,,2,21,10.5,0,0.7,,
615,Evan Rodriguez,2012,2014,3,TOT,NFL,20,5,9,4,21,5.25,0,1.1,44.40%,2.33
616,James Coley,1990,1991,2,TOT,NFL,23,4,,2,20,10,0,0.9,,
617,Blake Spence,1998,2000,3,TOT,NFL,18,0,5,4,20,5,1,1.1,80.00%,4
618,Anthony Hill,2009,2011,3,TOT,NFL,12,2,5,3,19,6.33,0,1.6,60.00%,3.8
619,Pharaoh Brown,2017,2019,3,TOT,NFL,6,3,2,1,18,18,0,3,50.00%,9
620,Joe Kowalewski,2007,2007,1,NYJ,NFL,13,2,9,5,18,3.6,1,1.4,55.60%,2
621,Sean Manuel,1996,1996,1,SFO,NFL,11,0,5,3,18,6,0,1.6,60.00%,3.6
622,Cole Wick,2016,2018,3,TOT,NFL,11,0,4,2,18,9,0,1.6,50.00%,4.5
623,Connor Hamlett,2016,2016,1,CLE,NFL,3,2,1,1,17,17,1,5.7,100.00%,17
624,Charles Henry,1991,1991,1,MIA,NFL,6,2,,2,17,8.5,0,2.8,,
625,Mike Roberg,2001,2002,2,TOT,NFL,13,1,4,2,17,8.5,1,1.3,50.00%,4.25
626,Martin Rucker,2008,2012,5,TOT,NFL,12,2,7,2,17,8.5,0,1.4,28.60%,2.43
627,Paul Irons,2005,2005,1,CLE,NFL,2,1,2,2,16,8,0,8,100.00%,8
628,Mitch Jacoby,1997,1999,3,TOT,NFL,24,2,4,3,16,5.33,0,0.7,75.00%,4
629,Hayden Smith,2012,2012,1,NYJ,NFL,5,0,1,1,16,16,0,3.2,100.00%,16
630,Cole Hikutini,2017,2017,1,SFO,NFL,4,0,3,2,15,7.5,0,3.8,66.70%,5
631,Kirk McMullen,2001,2001,1,CIN,NFL,7,2,6,2,15,7.5,0,2.1,33.30%,2.5
632,Jake Moreland,2000,2001,2,TOT,NFL,11,1,4,3,15,5,0,1.4,75.00%,3.75
633,Fendi Onobun,2010,2014,5,TOT,NFL,4,0,5,2,15,7.5,0,3.8,40.00%,3
634,Brett Pierce,2004,2005,2,DAL,NFL,18,2,3,2,15,7.5,0,0.8,66.70%,5
635,Marty Thompson,1993,1993,1,DET,NFL,6,2,1,1,15,15,0,2.5,100.00%,15
636,Gerald Christian,2016,2016,1,BUF,NFL,3,0,2,1,14,14,0,4.7,50.00%,7
637,Ross Dwelley,2018,2019,2,SFO,NFL,14,0,2,2,14,7,0,1,100.00%,7
638,Matt Flanagan,2018,2018,1,WAS,NFL,3,1,1,1,14,14,0,4.7,100.00%,14
639,Richard Gordon,2011,2015,5,TOT,NFL,35,5,10,4,14,3.5,1,0.4,40.00%,1.4
640,Robert Johnson,2003,2005,3,TOT,NFL,3,0,2,1,14,14,0,4.7,50.00%,7
641,Derek Price,1996,1996,1,DET,NFL,13,1,5,1,14,14,0,1.1,20.00%,2.8
642,Nick Savoie,1997,1997,1,NOR,NFL,1,0,,1,14,14,0,14,,
643,Clarence Williams,1993,1993,1,CLE,NFL,7,1,6,1,14,14,0,2,16.70%,2.33
644,Bradford Banta,1994,2004,11,TOT,NFL,156,2,8,2,13,6.5,0,0.1,25.00%,1.63
645,K.D. Dunn,1989,1989,1,NYJ,NFL,1,1,,2,13,6.5,0,13,,
646,Gregg Guenther,2005,2005,1,OTI,NFL,5,0,3,2,13,6.5,0,2.6,66.70%,4.33
647,Je'Ron Hamm,2014,2016,3,TOT,NFL,6,0,4,2,13,6.5,0,2.2,50.00%,3.25
648,Pat Kelly,1989,1991,3,TOT,NFL,25,1,,3,13,4.33,0,0.5,,
649,Henry Krieger-Coble,2016,2017,2,TOT,NFL,3,0,1,1,13,13,0,4.3,100.00%,13
650,Lovell Pinkney,1995,1995,1,RAM,NFL,8,0,3,1,13,13,0,1.6,33.30%,4.33
651,John Spagnola,1989,1989,1,GNB,NFL,6,0,,2,13,6.5,0,2.2,,
652,Leonard Stephens,2002,2002,1,WAS,NFL,5,0,4,1,13,13,0,2.6,25.00%,3.25
653,Khari Lee,2015,2018,4,TOT,NFL,34,7,5,2,12,6,0,0.4,40.00%,2.4
654,Thomas McLemore,1992,1995,4,TOT,NFL,18,2,4,2,12,6,0,0.7,50.00%,3
655,Casey Cramer,2004,2008,5,TOT,NFL,36,4,5,4,11,2.75,1,0.3,80.00%,2.2
656,Alex Ellis,2016,2019,4,TOT,NFL,11,3,4,3,11,3.67,0,1,75.00%,2.75
657,Hakeem Valles,2016,2018,3,TOT,NFL,15,1,5,2,11,5.5,0,0.7,40.00%,2.2
658,James Dearth,1999,2009,11,TOT,NFL,146,1,6,3,10,3.33,1,0.1,50.00%,1.67
659,James Adkisson,2006,2006,1,RAI,NFL,2,0,2,1,9,9,0,4.5,50.00%,4.5
660,Tremayne Allen,1997,1997,1,CHI,NFL,2,0,1,1,9,9,0,4.5,100.00%,9
661,Dedrick Epps,2010,2012,3,TOT,NFL,6,0,1,1,9,9,0,1.5,100.00%,9
662,Nick Kasa,2013,2014,2,RAI,NFL,16,1,5,1,9,9,1,0.6,20.00%,1.8
663,Harper LeBel,1989,1998,10,TOT,NFL,136,2,0,1,9,9,0,0.1,,
664,Richard Quinn,2009,2012,4,TOT,NFL,30,4,3,1,9,9,0,0.3,33.30%,3
665,Marcel Jensen,2014,2015,2,TOT,NFL,2,0,1,1,8,8,0,4,100.00%,8
666,Dave Little,1989,1991,3,TOT,NFL,29,1,,2,8,4,1,0.3,,
667,Rodrick Monroe,1999,2001,3,TOT,NFL,9,3,2,1,8,8,0,0.9,50.00%,4
668,Kevin Smith,1992,1996,5,TOT,NFL,15,1,1,1,8,8,0,0.5,100.00%,8
669,Kendell Watkins,1995,1995,1,DAL,NFL,16,0,2,1,8,8,0,0.5,50.00%,4
670,E.J. Bibbs,2015,2015,1,CLE,NFL,7,0,2,1,7,7,0,1,50.00%,3.5
671,Troy Fumagalli,2019,2019,1,DEN,NFL,3,1,1,1,7,7,0,2.3,100.00%,7
672,Tommy Gallarda,2012,2012,1,ATL,NFL,9,0,4,1,7,7,0,0.8,25.00%,1.75
673,Aaron Halterman,2007,2007,1,MIA,NFL,9,0,3,1,7,7,0,0.8,33.30%,2.33
674,J.P. Holtz,2019,2019,1,2TM,NFL,3,0,1,1,7,7,0,2.3,100.00%,7
675,Jason Pociask,2007,2007,1,NYJ,NFL,4,0,1,1,7,7,0,1.8,100.00%,7
676,Trent Smith,2005,2005,1,SFO,NFL,5,2,8,3,7,2.33,0,1.4,37.50%,0.88
677,Carlos Etheredge,1994,1994,1,CLT,NFL,9,0,1,1,6,6,0,0.7,100.00%,6
678,Matt Kranchick,2004,2005,2,TOT,NFL,8,1,1,1,6,6,0,0.8,100.00%,6
679,Gordon Laro,1995,1995,1,JAX,NFL,2,0,1,1,6,6,0,3,100.00%,6
680,John Waerig,2001,2001,1,DET,NFL,1,0,1,1,6,6,0,6,100.00%,6
681,Cooper Wallace,2006,2006,1,OTI,NFL,2,1,1,1,6,6,0,3,100.00%,6
682,Johnny Mundt,2017,2019,3,RAM,NFL,14,0,1,1,5,5,0,0.4,100.00%,5
683,Andy Parker,1989,1990,2,TOT,NFL,15,6,,2,5,2.5,1,0.3,,
684,Isaac Smolko,2007,2007,1,JAX,NFL,6,0,2,1,5,5,0,0.8,50.00%,2.5
685,Dave Stachelski,2000,2001,2,NOR,NFL,9,0,1,1,5,5,0,0.6,100.00%,5
686,Justice Cunningham,2013,2015,3,TOT,NFL,4,0,1,1,4,4,0,1,100.00%,4
687,Kevin Everett,2006,2007,2,BUF,NFL,17,5,2,2,4,2,0,0.2,100.00%,2
688,Garrett Griffin,2017,2018,2,NOR,NFL,3,0,1,1,4,4,0,1.3,100.00%,4
689,Jay Tant,2000,2000,1,CRD,NFL,5,0,2,1,4,4,0,0.8,50.00%,2
690,Lee Vickers,2007,2007,1,RAV,NFL,9,2,5,2,4,2,0,0.4,40.00%,0.8
691,Ryan Malleck,2017,2017,1,HTX,NFL,2,0,1,1,3,3,0,1.5,100.00%,3
692,Buck Ortega,2008,2009,2,NOR,NFL,12,1,3,1,3,3,0,0.3,33.30%,1
693,Eugene Riley,1990,1991,2,TOT,NFL,6,1,,1,3,3,0,0.5,,
694,Brad Smelley,2012,2014,3,TOT,NFL,4,0,1,1,3,3,0,0.8,100.00%,3
695,Bruce Hardy,1989,1989,1,MIA,NFL,1,0,,1,2,2,0,2,,
696,Alex Holmes,2005,2005,1,MIA,NFL,8,0,1,1,2,2,0,0.3,100.00%,2
697,Ed Smith,1997,1999,3,TOT,NFL,30,2,6,1,2,2,0,0.1,16.70%,0.33
698,Bradley Sowell,2012,2019,8,TOT,NFL,102,25,2,1,2,2,1,0,50.00%,1
699,Asante Cleveland,2014,2016,3,TOT,NFL,14,1,2,1,1,1,0,0.1,50.00%,0.5
700,Michael Higgins,2011,2012,2,NOR,NFL,4,1,2,2,1,0.5,0,0.3,100.00%,0.5
701,Derek Rackley,2000,2007,8,TOT,NFL,116,1,1,1,1,1,1,0,100.00%,1
702,D.J. Tialavea,2016,2016,1,ATL,NFL,2,0,1,1,1,1,1,0.5,100.00%,1
703,Zac Alcorn,2006,2006,1,GNB,NFL,6,0,0,0,0,,0,0,0.00%,
704,Rashaun Allen,2014,2014,1,SEA,NFL,1,0,,0,0,,0,0,0.00%,
705,Mark Anelli,2002,2002,1,SFO,NFL,2,0,,0,0,,0,0,0.00%,
706,Blake Annen,2014,2014,1,CHI,NFL,5,0,,0,0,,0,0,0.00%,
707,Richard Ashe,1990,1990,1,RAM,NFL,1,0,,0,0,,0,0,,
708,Kennard Backman,2015,2015,1,GNB,NFL,7,0,0,0,0,,0,0,0.00%,
709,Mike Banks,2002,2003,2,CRD,NFL,18,0,0,0,0,,0,0,0.00%,
710,Brandon Barden,2012,2014,3,TOT,NFL,3,0,0,0,0,,0,0,0.00%,
711,Rich Bartlewski,1990,1991,2,TOT,NFL,5,0,,0,0,,0,0,,
712,Alex Bayer,2014,2014,1,RAM,NFL,6,0,,0,0,,0,0,0.00%,
713,Evan Baylis,2017,2019,3,TOT,NFL,3,0,0,0,0,,0,0,0.00%,
714,Shonn Bell,1999,1999,1,SFO,NFL,2,0,,0,0,,0,0,0.00%,
715,Eric Beverly,1998,2006,9,TOT,NFL,137,48,4,1,0,0,0,0,25.00%,0
716,Rob Blanchflower,2014,2014,1,PIT,NFL,0,,,0,0,,0,,0.00%,
717,Ted Bolser,2014,2014,1,2TM,NFL,0,,,0,0,,0,,0.00%,
718,Braedon Bowman,2016,2016,1,NYJ,NFL,3,0,1,0,0,,0,0,0.00%,0
719,Brett Brackett,2012,2014,3,TOT,NFL,8,4,,0,0,,0,0,0.00%,
720,Rickey Brady,1994,1994,1,RAM,NFL,1,0,,0,0,,0,0,0.00%,
721,John Brandes,1989,1993,5,TOT,NFL,62,0,,0,0,,0,0,,
722,Sean Brewer,2002,2003,2,TOT,NFL,12,2,,0,0,,0,0,0.00%,
723,Steve Brooks,1996,1996,1,DET,NFL,1,0,,0,0,,0,0,0.00%,
724,LaMark Brown,2012,2012,1,MIN,NFL,,,,0,0,,0,,0.00%,
725,Larry Brown,1999,1999,1,OTI,NFL,9,0,0,0,0,,0,0,0.00%,
726,Jake Byrne,2012,2014,3,TOT,NFL,8,0,0,0,0,,0,0,0.00%,
727,Russ Campbell,1992,1992,1,PIT,NFL,7,0,1,0,0,,0,0,0.00%,0
728,Cethan Carter,2017,2019,3,CIN,NFL,20,0,0,0,0,,0,0,0.00%,
729,Kyle Carter,2017,2017,1,MIN,NFL,3,0,0,0,0,,0,0,0.00%,
730,Matt Cercone,2000,2002,3,MIN,NFL,5,0,0,0,0,,0,0,0.00%,
731,Thornton Chandler,1989,1989,1,DAL,NFL,6,0,,0,0,,0,0,,
732,Jamie Childers,2014,2014,1,BUF,NFL,0,,,0,0,,0,,0.00%,
733,Brad Christenson,2002,2002,1,RAI,NFL,1,0,,0,0,,0,0,0.00%,
734,Chris Clark,2010,2018,9,TOT,NFL,121,66,0,0,0,,0,0,0.00%,
735,Darius Clark,2001,2001,1,DEN,NFL,7,0,0,0,0,,0,0,0.00%,
736,Jerome Collins,2005,2005,1,RAM,NFL,3,0,,0,0,,0,0,0.00%,
737,Gabe Crecion,2004,2004,1,SFO,NFL,1,0,,0,0,,0,0,0.00%,
738,Bryce Davis,2012,2012,1,CIN,NFL,,,,0,0,,0,,0.00%,
739,John Dekker,2007,2007,1,PIT,NFL,3,0,,0,0,,0,0,0.00%,
740,Anthony Denham,2014,2015,2,HTX,NFL,5,0,0,0,0,,0,0,0.00%,
741,Tyson DeVree,2008,2008,1,NWE,NFL,2,0,1,0,0,,0,0,0.00%,0
742,Garrett Dickerson,2018,2019,2,NYG,NFL,5,0,0,0,0,,0,0,0.00%,
743,Kori Dickerson,2003,2003,1,PHI,NFL,2,0,0,0,0,,0,0,0.00%,
744,Brandon Dillon,2019,2019,1,MIN,NFL,1,0,0,0,0,,0,0,0.00%,
745,Chase Dixon,2014,2014,1,WAS,NFL,0,,,0,0,,0,,0.00%,
746,Demarcus Dobbs,2011,2015,5,TOT,NFL,60,0,0,0,0,,0,0,0.00%,
747,Thomas Duarte,2016,2016,1,MIA,NFL,1,0,0,0,0,,0,0,0.00%,
748,John Duff,1993,1994,2,RAI,NFL,5,0,1,0,0,,0,0,0.00%,0
749,Drake Dunsmore,2012,2012,1,TAM,NFL,,,,0,0,,0,,0.00%,
750,Chris Edmonds,2002,2003,2,CIN,NFL,12,0,0,0,0,,0,0,0.00%,
751,Chris Eitzmann,2000,2000,1,NWE,NFL,5,1,1,0,0,,0,0,0.00%,0
752,Donnie Ernsberger,2018,2018,1,TAM,NFL,2,0,0,0,0,,0,0,0.00%,
753,Collin Franklin,2011,2011,1,TAM,NFL,2,0,2,0,0,,0,0,0.00%,0
754,Mondriel Fulcher,2000,2002,3,RAI,NFL,25,1,2,0,0,,0,0,0.00%,0
755,Kendall Gammon,1992,2006,15,TOT,NFL,234,0,1,0,0,,0,0,0.00%,0
756,Manasseh Garner,2016,2016,1,BUF,NFL,1,0,0,0,0,,0,0,0.00%,
757,Zach Gentry,2019,2019,1,PIT,NFL,2,0,0,0,0,,0,0,0.00%,
758,Ronnie Ghent,2007,2007,1,NOR,NFL,8,0,1,0,0,,0,0,0.00%,0
759,Jaeden Graham,2019,2019,1,ATL,NFL,4,0,0,0,0,,0,0,0.00%,
760,Kevin Greene,2014,2014,1,2TM,NFL,0,,,0,0,,0,,0.00%,
761,Ronnie Haliburton,1990,1991,2,DEN,NFL,17,0,,0,0,,0,0,,
762,Andre Hardy,2014,2014,1,CRD,NFL,0,,,0,0,,0,,0.00%,
763,Clark Harris,2008,2019,12,TOT,NFL,160,0,0,0,0,,0,0,0.00%,
764,Todd Harrison,1992,1992,1,TAM,NFL,1,0,,0,0,,0,0,0.00%,
765,Lawrence Hart,2001,2001,1,CRD,NFL,1,0,,0,0,,0,0,0.00%,
766,Kurt Haws,1994,1994,1,WAS,NFL,6,0,,0,0,,0,0,0.00%,
767,Jarius Hayes,1996,1998,3,CRD,NFL,20,0,,0,0,,0,0,0.00%,
768,Temarrick Hemingway,2016,2018,3,TOT,NFL,13,0,0,0,0,,0,0,0.00%,
769,Mitchell Henry,2015,2015,1,DEN,NFL,2,0,,0,0,,0,0,0.00%,
770,Brad Herman,2012,2012,1,NWE,NFL,,,,0,0,,0,,0.00%,
771,Kevin Hickman,1995,1998,4,DET,NFL,13,0,,0,0,,0,0,0.00%,
772,Darius Hill,2009,2009,1,CIN,NFL,1,0,,0,0,,0,0,0.00%,
773,James Hill,2000,2000,1,SEA,NFL,10,0,,0,0,,0,0,0.00%,
774,Carl Hilton,1989,1989,1,MIN,NFL,1,0,,0,0,,0,0,,
775,Marcus Hinton,1996,1996,1,RAI,NFL,2,0,,0,0,,0,0,0.00%,
776,Nathan Hodel,2002,2009,8,TOT,NFL,113,0,0,0,0,,0,0,0.00%,
777,Gabe Holmes,2017,2018,2,CRD,NFL,10,4,1,0,0,,0,0,0.00%,0
778,Tony Hutson,1997,2000,4,TOT,NFL,20,4,0,0,0,,0,0,0.00%,
779,Emil Igwenagu,2012,2014,3,TOT,NFL,3,1,0,0,0,,0,0,0.00%,
780,D.C. Jefferson,2013,2013,1,CRD,NFL,4,0,,0,0,,0,0,0.00%,
781,Brian Jennings,2000,2012,13,SFO,NFL,208,0,2,0,0,,0,0,0.00%,0
782,D.J. Johnson,2009,2012,4,TOT,NFL,17,0,0,0,0,,0,0,0.00%,
783,Tim Johnson,2001,2006,6,TOT,NFL,55,4,12,0,0,,0,0,0.00%,0
784,Rod Jones,1989,1989,1,SEA,NFL,4,0,,0,0,,0,0,,
785,Bennie Joppru,2006,2007,2,TOT,NFL,19,0,0,0,0,,0,0,0.00%,
786,Rashod Kent,2003,2003,1,HTX,NFL,7,4,1,0,0,,0,0,0.00%,0
787,Josh Keur,2000,2000,1,CLT,NFL,1,0,,0,0,,0,0,0.00%,
788,Mike Leach,2000,2015,16,TOT,NFL,235,0,1,0,0,,0,0,0.00%,0
789,Ron Leshinski,1999,1999,1,PHI,NFL,1,0,,0,0,,0,0,0.00%,
790,Brody Liddiard,2000,2003,4,TOT,NFL,53,0,0,0,0,,0,0,0.00%,
791,Arthur Lynch,2014,2014,1,MIA,NFL,0,,,0,0,,0,,0.00%,
792,Tim Massaquoi,2006,2007,2,TOT,NFL,11,0,1,0,0,,0,0,0.00%,0
793,Jacob Maxwell,2014,2014,1,2TM,NFL,0,,,0,0,,0,,0.00%,
794,Vince Mayle,2015,2017,3,TOT,NFL,23,0,2,0,0,,0,0,0.00%,0
795,Jacques McClendon,2010,2015,6,TOT,NFL,25,5,0,0,0,,0,0,0.00%,
796,Jamie McCoy,2012,2012,1,PIT,NFL,1,0,,0,0,,0,0,0.00%,
797,Sean McDermott,2001,2003,3,TOT,NFL,38,0,,0,0,,0,0,0.00%,
798,Brady McDonnell,2002,2002,1,BUF,NFL,6,0,0,0,0,,0,0,0.00%,
799,Bruce McGonnigal,1991,1991,1,CLE,NFL,2,0,,0,0,,0,0,,
800,James McKeehan,1996,1997,2,OTI,NFL,24,0,,0,0,,0,0,0.00%,
801,Joey Mickey,1993,1993,1,DAL,NFL,5,0,,0,0,,0,0,0.00%,
802,Kyle Miller,2012,2015,4,TOT,NFL,3,1,0,0,0,,0,0,0.00%,
803,Keavon Milton,2013,2014,2,TOT,NFL,9,0,,0,0,,0,0,0.00%,
804,Jake Murphy,2014,2014,1,2TM,NFL,0,,,0,0,,0,,0.00%,
805,Rob Myers,2011,2011,1,WAS,NFL,1,0,,0,0,,0,0,0.00%,
806,Jordan Najvar,2014,2014,1,DAL,NFL,0,,,0,0,,0,,0.00%,
807,John Nalbone,2010,2010,1,MIA,NFL,2,0,,0,0,,0,0,0.00%,
808,Dallas Neil,2000,2000,1,ATL,NFL,6,0,,0,0,,0,0,0.00%,
809,Kyle Nelson,2012,2018,7,TOT,NFL,93,0,0,0,0,,0,0,0.00%,
810,Adam Nissley,2012,2012,1,ATL,NFL,,,,0,0,,0,,0.00%,
811,Dan O'Leary,2001,2002,2,TOT,NFL,17,1,0,0,0,,0,0,0.00%,
812,Ryan O'Malley,2016,2017,2,TOT,NFL,2,0,0,0,0,,0,0,0.00%,
813,Emmanuel Ogbuehi,2014,2014,1,RAV,NFL,0,,,0,0,,0,,0.00%,
814,Ryan Otten,2014,2014,1,MIN,NFL,0,,,0,0,,0,,0.00%,
815,Randy Palmer,1999,1999,1,CLE,NFL,3,0,,0,0,,0,0,0.00%,
816,Chris Pantale,2014,2014,1,NYJ,NFL,5,0,,0,0,,0,0,0.00%,
817,Deangelo Peterson,2012,2012,1,WAS,NFL,,,,0,0,,0,,0.00%,
818,Joe Planansky,1995,1995,1,MIA,NFL,2,0,,0,0,,0,0,0.00%,
819,Andre President,1995,1995,1,2TM,NFL,3,0,,0,0,,0,0,0.00%,
820,Ryan Prince,2001,2001,1,JAX,NFL,8,2,1,0,0,,0,0,0.00%,0
821,Dennis Roland,2008,2013,6,CIN,NFL,71,30,1,0,0,,0,0,0.00%,0
822,Nelson Rosario,2012,2012,1,CAR,NFL,,,,0,0,,0,,0.00%,
823,Bob Rosenstiel,1997,1997,1,RAI,NFL,4,0,,0,0,,0,0,0.00%,
824,Ray Rowe,1992,1993,2,WAS,NFL,4,0,,0,0,,0,0,0.00%,
825,Cedric Saunders,1995,1995,1,TAM,NFL,3,0,,0,0,,0,0,0.00%,
826,Wes Saxton,2015,2015,1,NYJ,NFL,1,0,0,0,0,,0,0,0.00%,
827,Adam Schiltz,2014,2014,1,KAN,NFL,0,,,0,0,,0,,0.00%,
828,Mason Schreck,2018,2018,1,CIN,NFL,6,0,0,0,0,,0,0,0.00%,
829,Greg Scruggs,2012,2016,5,TOT,NFL,18,0,0,0,0,,0,0,0.00%,
830,Taylor Sloat,2014,2014,1,TAM,NFL,0,,,0,0,,0,,0.00%,
831,Andre Smith,2012,2013,2,TOT,NFL,5,0,,0,0,,0,0,0.00%,
832,Justin Snow,2000,2012,13,TOT,NFL,200,0,1,0,0,,0,0,0.00%,0
833,Mike Solwold,2001,2004,4,TOT,NFL,13,0,,0,0,,0,0,0.00%,
834,Brad St. Louis,2000,2009,10,CIN,NFL,144,0,3,0,0,,0,0,0.00%,0
835,Eric Stocz,1996,1997,2,DET,NFL,7,0,,0,0,,0,0,0.00%,
836,Darrell Strong,2008,2008,1,RAI,NFL,1,0,,0,0,,0,0,0.00%,
837,Boone Stutz,2006,2007,2,TOT,NFL,28,0,,0,0,,0,0,0.00%,
838,Rudy Sylvan,2007,2007,1,DET,NFL,2,1,,0,0,,0,0,0.00%,
839,Andrew Szczerba,2012,2012,1,ATL,NFL,,,,0,0,,0,,0.00%,
840,Willy Tate,1996,1998,3,TOT,NFL,14,0,,0,0,,0,0,0.00%,
841,Mark Thomas,1999,1999,1,NYG,NFL,2,0,1,0,0,,0,0,0.00%,0
842,Jordan Thompson,2014,2014,1,DET,NFL,2,0,1,0,0,,0,0,0.00%,0
843,Andy Thorn,2006,2006,1,DAL,NFL,1,0,,0,0,,0,0,0.00%,
844,Jason Vander Laan,2017,2017,1,CLT,NFL,4,0,0,0,0,,0,0,0.00%,
845,Matt Veldman,2012,2013,2,TOT,NFL,1,0,,0,0,,0,0,0.00%,
846,Mark Walczak,1989,1991,3,SDG,NFL,7,0,,0,0,,0,0,,
847,Trevon Wesco,2019,2019,1,NYJ,NFL,3,0,0,0,0,,0,0,0.00%,
848,Austin Wheatley,2000,2000,1,NOR,NFL,4,0,0,0,0,,0,0,0.00%,
849,Josh Whitman,2001,2001,1,SDG,NFL,4,1,0,0,0,,0,0,0.00%,
850,Marcus Williams,2002,2002,1,RAI,NFL,14,0,0,0,0,,0,0,0.00%,
851,Kion Wilson,2010,2014,5,TOT,NFL,15,2,9,0,0,,0,0,0.00%,0
852,Willie Wright,1992,1992,1,CRD,NFL,9,0,,0,0,,0,0,0.00%,
853,Will Yeatman,2011,2014,4,TOT,NFL,15,2,1,0,0,,0,0,0.00%,0
854,Joe Zelenka,1999,2011,13,TOT,NFL,194,0,0,0,0,,0,0,0.00%,
855,Keith Zinger,2009,2009,1,ATL,NFL,15,2,1,0,0,,0,0,0.00%,0
